event_id,pass_number,operation,group_id_1,group_id_2,source_partition,destination_partition,objective_before,objective_after,accepted
1,1,PAIRWISE_GROUP_SWAP,HBG_008fb938cf34,HBG_0620410523cb,train|validation,validation|train,"[0,0,""150614/431585"",""4650223/1255965"",""394/2365"",""a6f778cef58ac427fd9464b711d0ff7728fd4122baccd172701357a2573e0e8c""]","[0,0,""150604/431585"",""4616743/1255965"",""394/2365"",""bfa03ee0851d253daf88f01b1ab493b7955c3edc11175e8f1fe1817afe036bff""]",True
2,1,PAIRWISE_GROUP_SWAP,HBG_008fb938cf34,HBG_07989d057eb7,validation|train,train|validation,"[0,0,""150604/431585"",""4616743/1255965"",""394/2365"",""bfa03ee0851d253daf88f01b1ab493b7955c3edc11175e8f1fe1817afe036bff""]","[0,0,""150124/431585"",""132050347/36422985"",""394/2365"",""a456a699bb2e0ad5f565dee7eead2b75f17e44aabfd1beede3fb40c73f2717e4""]",True
3,1,PAIRWISE_GROUP_SWAP,HBG_008fb938cf34,HBG_0f1b5d1e0e26,train|validation,validation|train,"[0,0,""150124/431585"",""132050347/36422985"",""394/2365"",""a456a699bb2e0ad5f565dee7eead2b75f17e44aabfd1beede3fb40c73f2717e4""]","[0,0,""150034/431585"",""131873302/36422985"",""394/2365"",""d4c1aae5e2199019ac9a122d83102f1568bde7a138148fd549f97e8d6df825fb""]",True
4,1,PAIRWISE_GROUP_SWAP,HBG_008fb938cf34,HBG_107f6ad73c18,validation|train,train|validation,"[0,0,""150034/431585"",""131873302/36422985"",""394/2365"",""d4c1aae5e2199019ac9a122d83102f1568bde7a138148fd549f97e8d6df825fb""]","[0,0,""149384/431585"",""43346034/12140995"",""394/2365"",""58e9d58b953ca12b2a1a5daa79dd91dee04a0e4af3827f1f297bc42d8ef31450""]",True
5,1,PAIRWISE_GROUP_SWAP,HBG_008fb938cf34,HBG_11f2a588f305,train|validation,validation|train,"[0,0,""149384/431585"",""43346034/12140995"",""394/2365"",""58e9d58b953ca12b2a1a5daa79dd91dee04a0e4af3827f1f297bc42d8ef31450""]","[0,0,""13574/39235"",""43287019/12140995"",""394/2365"",""22c114ca54de8c5d15bae830a333fdd6e8ed82f52d09c14487442cf80ea07878""]",True
6,1,PAIRWISE_GROUP_SWAP,HBG_008fb938cf34,HBG_123c28dcb2a4,validation|train,train|validation,"[0,0,""13574/39235"",""43287019/12140995"",""394/2365"",""22c114ca54de8c5d15bae830a333fdd6e8ed82f52d09c14487442cf80ea07878""]","[0,0,""21222/61655"",""128025857/36422985"",""394/2365"",""0e10fcca0de572de484aa06528a5754a48748cec13d54030fb94018898e2443c""]",True
7,1,PAIRWISE_GROUP_SWAP,HBG_008fb938cf34,HBG_13183e8a372a,train|test,test|train,"[0,0,""21222/61655"",""128025857/36422985"",""394/2365"",""0e10fcca0de572de484aa06528a5754a48748cec13d54030fb94018898e2443c""]","[0,0,""21212/61655"",""127848812/36422985"",""394/2365"",""51e61ecc3a58b7918edcfb031cf8a1357c161ab87ed927cf7147683ec0eca496""]",True
8,1,PAIRWISE_GROUP_SWAP,HBG_008fb938cf34,HBG_1431584e10f4,test|train,train|test,"[0,0,""21212/61655"",""127848812/36422985"",""394/2365"",""51e61ecc3a58b7918edcfb031cf8a1357c161ab87ed927cf7147683ec0eca496""]","[0,0,""146214/431585"",""11633861839/3350914620"",""394/2365"",""8cab37c2a3a8e810496a39e776c35a60749a6277dc347a7d7e199450a8335c87""]",True
9,1,PAIRWISE_GROUP_SWAP,HBG_008fb938cf34,HBG_155729ed5825,train|test,test|train,"[0,0,""146214/431585"",""11633861839/3350914620"",""394/2365"",""8cab37c2a3a8e810496a39e776c35a60749a6277dc347a7d7e199450a8335c87""]","[0,0,""20882/61655"",""11544537199/3350914620"",""394/2365"",""996bff8e37876a5ca066a6b975937b5a08d7c56b4cb60c2303c545bf7c637f53""]",True
10,1,PAIRWISE_GROUP_SWAP,HBG_008fb938cf34,HBG_17ae6d886f10,test|train,train|test,"[0,0,""20882/61655"",""11544537199/3350914620"",""394/2365"",""996bff8e37876a5ca066a6b975937b5a08d7c56b4cb60c2303c545bf7c637f53""]","[0,0,""146144/431585"",""11544537199/3350914620"",""394/2365"",""589f16d5d40bcfcc25aabefb62cb481f739ecf83ce42bb58c11e190d6c76cd40""]",True
11,1,PAIRWISE_GROUP_SWAP,HBG_008fb938cf34,HBG_1ce2cbd827ee,train|test,test|train,"[0,0,""146144/431585"",""11544537199/3350914620"",""394/2365"",""589f16d5d40bcfcc25aabefb62cb481f739ecf83ce42bb58c11e190d6c76cd40""]","[0,0,""146094/431585"",""11455212559/3350914620"",""394/2365"",""a5db9e335f48b4ea6ab61755a56af90a5f7fbc7d8af3f0c1611dd77031ec665a""]",True
12,1,PAIRWISE_GROUP_SWAP,HBG_008fb938cf34,HBG_1cf6493ae947,test|train,train|test,"[0,0,""146094/431585"",""11455212559/3350914620"",""394/2365"",""a5db9e335f48b4ea6ab61755a56af90a5f7fbc7d8af3f0c1611dd77031ec665a""]","[0,0,""145974/431585"",""2854813814/837728655"",""394/2365"",""79e796471e810b813b2e63e4c2fc4f20a8249aba6922b81cbbdebcc15bd85a5b""]",True
13,1,PAIRWISE_GROUP_SWAP,HBG_008fb938cf34,HBG_1d4e70cb99cf,train|test,test|train,"[0,0,""145974/431585"",""2854813814/837728655"",""394/2365"",""79e796471e810b813b2e63e4c2fc4f20a8249aba6922b81cbbdebcc15bd85a5b""]","[0,0,""145944/431585"",""2832482654/837728655"",""394/2365"",""15de3454d8e96ebc502d3eebc7287b40e5c7c95c2d823d05ebbcab2bb3dda021""]",True
14,1,PAIRWISE_GROUP_SWAP,HBG_008fb938cf34,HBG_1e12b659d031,test|train,train|test,"[0,0,""145944/431585"",""2832482654/837728655"",""394/2365"",""15de3454d8e96ebc502d3eebc7287b40e5c7c95c2d823d05ebbcab2bb3dda021""]","[0,0,""145584/431585"",""3764657771/1116971540"",""394/2365"",""1810522223df1b71515276e3286038bb41e75f1986fbf19ad352b42150a5a168""]",True
15,1,PAIRWISE_GROUP_SWAP,HBG_008fb938cf34,HBG_1f421def47a3,train|validation,validation|train,"[0,0,""145584/431585"",""3764657771/1116971540"",""394/2365"",""1810522223df1b71515276e3286038bb41e75f1986fbf19ad352b42150a5a168""]","[0,0,""145504/431585"",""3759228391/1116971540"",""394/2365"",""30b877f334d2cf7518e3dec9d10ffd73113a21a7392021bf9a4e45e0d885c067""]",True
16,1,PAIRWISE_GROUP_SWAP,HBG_008fb938cf34,HBG_1fe3b980b48c,validation|train,train|validation,"[0,0,""145504/431585"",""3759228391/1116971540"",""394/2365"",""30b877f334d2cf7518e3dec9d10ffd73113a21a7392021bf9a4e45e0d885c067""]","[0,0,""20762/61655"",""1124172787/335091462"",""394/2365"",""07a76e05f834093b35015173d2dfd19aaf5dd7b6879e76e18fb4c088afa9a4e5""]",True
17,1,PAIRWISE_GROUP_SWAP,HBG_008fb938cf34,HBG_2257cfc962dd,train|test,test|train,"[0,0,""20762/61655"",""1124172787/335091462"",""394/2365"",""07a76e05f834093b35015173d2dfd19aaf5dd7b6879e76e18fb4c088afa9a4e5""]","[0,0,""7646/22715"",""1122543973/335091462"",""394/2365"",""7b1adb363da149c1d5a2beb1308785008b417519d3539d0682dadbab9be44baf""]",True
18,1,PAIRWISE_GROUP_SWAP,HBG_008fb938cf34,HBG_22ee4049cd25,test|train,train|test,"[0,0,""7646/22715"",""1122543973/335091462"",""394/2365"",""7b1adb363da149c1d5a2beb1308785008b417519d3539d0682dadbab9be44baf""]","[0,0,""144814/431585"",""1105660133/335091462"",""394/2365"",""8e4531894c71058e4a9fd89021f493c11782a0823a0b370fe7f402c5400de9ca""]",True
19,1,PAIRWISE_GROUP_SWAP,HBG_008fb938cf34,HBG_2f345bb500a0,train|validation,validation|train,"[0,0,""144814/431585"",""1105660133/335091462"",""394/2365"",""8e4531894c71058e4a9fd89021f493c11782a0823a0b370fe7f402c5400de9ca""]","[0,0,""144724/431585"",""1104031319/335091462"",""394/2365"",""c6f9b99ac781a4d90ebaaf5286c0b54014914451660af119a4d4b63d5dbe0b65""]",True
20,1,PAIRWISE_GROUP_SWAP,HBG_008fb938cf34,HBG_30a4d4e01b5c,validation|train,train|validation,"[0,0,""144724/431585"",""1104031319/335091462"",""394/2365"",""c6f9b99ac781a4d90ebaaf5286c0b54014914451660af119a4d4b63d5dbe0b65""]","[0,0,""143664/431585"",""90202427749/27812591346"",""394/2365"",""c7e9d5b81903dbb7c0e462198d110cf29b07a8f5d779c5b9134f0d6e415f52ca""]",True
21,1,PAIRWISE_GROUP_SWAP,HBG_008fb938cf34,HBG_30e4587ff4fe,train|test,test|train,"[0,0,""143664/431585"",""90202427749/27812591346"",""394/2365"",""c7e9d5b81903dbb7c0e462198d110cf29b07a8f5d779c5b9134f0d6e415f52ca""]","[0,0,""143604/431585"",""90067236187/27812591346"",""394/2365"",""4f62c7c541e04b70e197bf78cc06bbc83853424662bbdeada7268c8be5e82876""]",True
22,1,PAIRWISE_GROUP_SWAP,HBG_008fb938cf34,HBG_30ea05e068aa,test|train,train|test,"[0,0,""143604/431585"",""90067236187/27812591346"",""394/2365"",""4f62c7c541e04b70e197bf78cc06bbc83853424662bbdeada7268c8be5e82876""]","[0,0,""12974/39235"",""29555292489/9270863782"",""394/2365"",""4786ce4efd95daa7e41367b6215826ec20679aa8cf15070d76853e7a912aa722""]",True
23,1,PAIRWISE_GROUP_SWAP,HBG_008fb938cf34,HBG_32985646f961,train|validation,validation|train,"[0,0,""12974/39235"",""29555292489/9270863782"",""394/2365"",""4786ce4efd95daa7e41367b6215826ec20679aa8cf15070d76853e7a912aa722""]","[0,0,""142624/431585"",""29510228635/9270863782"",""394/2365"",""0c3b7f0eb8377719a584f8d6652dcc00367818c7369cdea0836b1a3665683c8a""]",True
24,1,PAIRWISE_GROUP_SWAP,HBG_008fb938cf34,HBG_33420a4f35bf,validation|train,train|validation,"[0,0,""142624/431585"",""29510228635/9270863782"",""394/2365"",""0c3b7f0eb8377719a584f8d6652dcc00367818c7369cdea0836b1a3665683c8a""]","[0,0,""338/1045"",""58310924217/18541727564"",""394/2365"",""4fcf45060d4afa61ea332ee204aad4323a1aef3bbecde45aec451f8c0078ef24""]",True
25,1,PAIRWISE_GROUP_SWAP,HBG_008fb938cf34,HBG_4b6f9072e8e4,train|validation,validation|train,"[0,0,""338/1045"",""58310924217/18541727564"",""394/2365"",""4fcf45060d4afa61ea332ee204aad4323a1aef3bbecde45aec451f8c0078ef24""]","[0,0,""139534/431585"",""58220796509/18541727564"",""394/2365"",""cb7fd5b9eaa2474d274b05f46c213f7b9d7916f6b127be6ba47c025ace718f31""]",True
26,1,PAIRWISE_GROUP_SWAP,HBG_008fb938cf34,HBG_4bc96374eedd,validation|test,test|validation,"[0,0,""139534/431585"",""58220796509/18541727564"",""394/2365"",""cb7fd5b9eaa2474d274b05f46c213f7b9d7916f6b127be6ba47c025ace718f31""]","[0,0,""139534/431585"",""58220796509/18541727564"",""394/2365"",""8a7f48e4e4f6b7535a1c9b945c227a94aaf2d04734f837b8934f27ee4e74996b""]",True
27,1,PAIRWISE_GROUP_SWAP,HBG_008fb938cf34,HBG_4c8207aae820,test|train,train|test,"[0,0,""139534/431585"",""58220796509/18541727564"",""394/2365"",""8a7f48e4e4f6b7535a1c9b945c227a94aaf2d04734f837b8934f27ee4e74996b""]","[0,0,""136174/431585"",""14377815864/4635431891"",""394/2365"",""83cac5c83d9a641a6fa6d253b14e26c1405edbd0379da2f42feb1d25e47b1b6f""]",True
28,1,PAIRWISE_GROUP_SWAP,HBG_008fb938cf34,HBG_4f183813675e,train|test,test|train,"[0,0,""136174/431585"",""14377815864/4635431891"",""394/2365"",""83cac5c83d9a641a6fa6d253b14e26c1405edbd0379da2f42feb1d25e47b1b6f""]","[0,0,""136084/431585"",""14355283937/4635431891"",""394/2365"",""86c15c776f3c6456f2a5a227feefe54c8ef5cf48bee1193687d25aa52285ecd0""]",True
29,1,PAIRWISE_GROUP_SWAP,HBG_008fb938cf34,HBG_4f8f7d4e5791,test|train,train|test,"[0,0,""136084/431585"",""14355283937/4635431891"",""394/2365"",""86c15c776f3c6456f2a5a227feefe54c8ef5cf48bee1193687d25aa52285ecd0""]","[0,0,""133414/431585"",""56711602695/18541727564"",""394/2365"",""475c8ca9f092e4253a30451026540be6bb58b1044d19623a6d69833350bfce30""]",True
30,1,PAIRWISE_GROUP_SWAP,HBG_008fb938cf34,HBG_526f41306d38,train|test,test|train,"[0,0,""133414/431585"",""56711602695/18541727564"",""394/2365"",""475c8ca9f092e4253a30451026540be6bb58b1044d19623a6d69833350bfce30""]","[0,0,""133374/431585"",""56217339687/18541727564"",""394/2365"",""57b10ed6c089dfa415985eec53b730309defd1887ab1bdab7b2daad007f525b9""]",True
31,1,PAIRWISE_GROUP_SWAP,HBG_008fb938cf34,HBG_592ce44ebce1,test|train,train|test,"[0,0,""133374/431585"",""56217339687/18541727564"",""394/2365"",""57b10ed6c089dfa415985eec53b730309defd1887ab1bdab7b2daad007f525b9""]","[0,0,""132854/431585"",""165849301621/55625182692"",""394/2365"",""8ad914cc38a97b8765f4cd549ca42ed34b6bd90f1c8df7b13d17315e418b31fa""]",True
32,1,PAIRWISE_GROUP_SWAP,HBG_008fb938cf34,HBG_5ee4510c7000,train|test,test|train,"[0,0,""132854/431585"",""165849301621/55625182692"",""394/2365"",""8ad914cc38a97b8765f4cd549ca42ed34b6bd90f1c8df7b13d17315e418b31fa""]","[0,0,""132824/431585"",""164366512597/55625182692"",""394/2365"",""4e9fe19a03e4823707db7ebe51d7c6650ad49477e53d76426e019167d19fb52c""]",True
33,1,PAIRWISE_GROUP_SWAP,HBG_008fb938cf34,HBG_6260999fea64,test|train,train|test,"[0,0,""132824/431585"",""164366512597/55625182692"",""394/2365"",""4e9fe19a03e4823707db7ebe51d7c6650ad49477e53d76426e019167d19fb52c""]","[0,0,""12044/39235"",""204712026709/69531478365"",""394/2365"",""bf9a4e4785843a738f627afa59b0e710bab7f689cf3a2973cb5005217232e6ee""]",True
34,1,PAIRWISE_GROUP_SWAP,HBG_008fb938cf34,HBG_62b6fb672999,train|validation,validation|train,"[0,0,""12044/39235"",""204712026709/69531478365"",""394/2365"",""bf9a4e4785843a738f627afa59b0e710bab7f689cf3a2973cb5005217232e6ee""]","[0,0,""132404/431585"",""204374047804/69531478365"",""394/2365"",""7cb280fb4ced917d1d6fbac4ce11935ec47fbc116264f61b8f3afaf4784e9ac2""]",True
35,1,PAIRWISE_GROUP_SWAP,HBG_008fb938cf34,HBG_6410ad751165,validation|train,train|validation,"[0,0,""132404/431585"",""204374047804/69531478365"",""394/2365"",""7cb280fb4ced917d1d6fbac4ce11935ec47fbc116264f61b8f3afaf4784e9ac2""]","[0,0,""18372/61655"",""806853195421/278125913460"",""394/2365"",""0ed8b3f09f4962f79cc3d7dcd14ad49ea88484bb70a27cba05fe67ed4e84ebfc""]",True
36,1,PAIRWISE_GROUP_SWAP,HBG_008fb938cf34,HBG_67a4ca9c3dec,train|test,test|train,"[0,0,""18372/61655"",""806853195421/278125913460"",""394/2365"",""0ed8b3f09f4962f79cc3d7dcd14ad49ea88484bb70a27cba05fe67ed4e84ebfc""]","[0,0,""11684/39235"",""805501279801/278125913460"",""394/2365"",""4276b8641edf814a24ffe8fda40e57a12dff7aa5945ae1d27c94399cdefd9fc7""]",True
37,1,PAIRWISE_GROUP_SWAP,HBG_008fb938cf34,HBG_698e28e66f64,test|train,train|test,"[0,0,""11684/39235"",""805501279801/278125913460"",""394/2365"",""4276b8641edf814a24ffe8fda40e57a12dff7aa5945ae1d27c94399cdefd9fc7""]","[0,0,""127924/431585"",""263829230867/92708637820"",""394/2365"",""c112b2db0f1b9ea6a6d6cf6c6d27fea64baae9bd622344a1d3030d8ebeb6f6a2""]",True
38,1,PAIRWISE_GROUP_SWAP,HBG_008fb938cf34,HBG_6a03e1703dcb,train|validation,validation|train,"[0,0,""127924/431585"",""263829230867/92708637820"",""394/2365"",""c112b2db0f1b9ea6a6d6cf6c6d27fea64baae9bd622344a1d3030d8ebeb6f6a2""]","[0,0,""127894/431585"",""261357915827/92708637820"",""394/2365"",""0d70741450b36ddb64031f6b76ba183318a90e5187505b72f82e80c6c4a14898""]",True
39,1,PAIRWISE_GROUP_SWAP,HBG_008fb938cf34,HBG_6b696b6d58d4,validation|train,train|validation,"[0,0,""127894/431585"",""261357915827/92708637820"",""394/2365"",""0d70741450b36ddb64031f6b76ba183318a90e5187505b72f82e80c6c4a14898""]","[0,0,""124934/431585"",""128905125281/46354318910"",""394/2365"",""70ed254b80ef933fb48e7d03c00b024989b8f05f12709152d6fb270145e1ade4""]",True
40,1,PAIRWISE_GROUP_SWAP,HBG_008fb938cf34,HBG_77ae051c673b,train|test,test|train,"[0,0,""124934/431585"",""128905125281/46354318910"",""394/2365"",""70ed254b80ef933fb48e7d03c00b024989b8f05f12709152d6fb270145e1ade4""]","[0,0,""124874/431585"",""128978866133/46354318910"",""394/2365"",""477d6a2c738dbf4b8c6280e30e7ed9e35a703b06495e44ae12d2ba0234bfdbdb""]",True
41,1,PAIRWISE_GROUP_SWAP,HBG_008fb938cf34,HBG_79a71bcd645c,test|train,train|test,"[0,0,""124874/431585"",""128978866133/46354318910"",""394/2365"",""477d6a2c738dbf4b8c6280e30e7ed9e35a703b06495e44ae12d2ba0234bfdbdb""]","[0,0,""121074/431585"",""254410067001/92708637820"",""394/2365"",""db8ef2546b9351cc8bf89f600e0644301e761e1bd3fce2c6c8c83e67d4a9e1c5""]",True
42,1,PAIRWISE_GROUP_SWAP,HBG_008fb938cf34,HBG_8018479382da,train|validation,validation|train,"[0,0,""121074/431585"",""254410067001/92708637820"",""394/2365"",""db8ef2546b9351cc8bf89f600e0644301e761e1bd3fce2c6c8c83e67d4a9e1c5""]","[0,0,""1572/5605"",""251938751961/92708637820"",""394/2365"",""c826547dde2af06425cd78abe30c2ac17871c58b6a8fa8d22a4ded95944a1f40""]",True
43,1,PAIRWISE_GROUP_SWAP,HBG_008fb938cf34,HBG_80e3e97ddc76,validation|train,train|validation,"[0,0,""1572/5605"",""251938751961/92708637820"",""394/2365"",""c826547dde2af06425cd78abe30c2ac17871c58b6a8fa8d22a4ded95944a1f40""]","[0,0,""120314/431585"",""741802668683/278125913460"",""394/2365"",""8f5cb2cb8de7c62b47d5c8aa6faaab53ed360edd68efad9313efb41173e54c70""]",True
44,1,PAIRWISE_GROUP_SWAP,HBG_008fb938cf34,HBG_89f70e3cf134,train|validation,validation|train,"[0,0,""120314/431585"",""741802668683/278125913460"",""394/2365"",""8f5cb2cb8de7c62b47d5c8aa6faaab53ed360edd68efad9313efb41173e54c70""]","[0,0,""120244/431585"",""740450753063/278125913460"",""394/2365"",""aa33330be867417d4c4bc5cfab0ec48d2d7d6281d28d3ab31291590e264bfd9c""]",True
45,1,PAIRWISE_GROUP_SWAP,HBG_008fb938cf34,HBG_8a181477b3c9,validation|train,train|validation,"[0,0,""120244/431585"",""740450753063/278125913460"",""394/2365"",""aa33330be867417d4c4bc5cfab0ec48d2d7d6281d28d3ab31291590e264bfd9c""]","[0,0,""17172/61655"",""740450753063/278125913460"",""394/2365"",""98c331521374ecf4112a372af825017ccf086455a3f2bb4b8f6cee8283b6e2a9""]",True
46,1,PAIRWISE_GROUP_SWAP,HBG_008fb938cf34,HBG_8f96bd0f52c8,train|test,test|train,"[0,0,""17172/61655"",""740450753063/278125913460"",""394/2365"",""98c331521374ecf4112a372af825017ccf086455a3f2bb4b8f6cee8283b6e2a9""]","[0,0,""2036/7315"",""748070641103/278125913460"",""394/2365"",""55e745850c68901fb0bfa92fd7f7b524027efbaa86bbf3527e38de8ce3099e64""]",True
47,1,PAIRWISE_GROUP_SWAP,HBG_008fb938cf34,HBG_9061ad6d2b9f,test|train,train|test,"[0,0,""2036/7315"",""748070641103/278125913460"",""394/2365"",""55e745850c68901fb0bfa92fd7f7b524027efbaa86bbf3527e38de8ce3099e64""]","[0,0,""119134/431585"",""733748923823/278125913460"",""394/2365"",""d45a926fb27c731755fa4069634c48230b7e0c24a0c8d1e19ec01b07c1c15c65""]",True
48,1,PAIRWISE_GROUP_SWAP,HBG_008fb938cf34,HBG_9fa405d7899d,train|validation,validation|train,"[0,0,""119134/431585"",""733748923823/278125913460"",""394/2365"",""d45a926fb27c731755fa4069634c48230b7e0c24a0c8d1e19ec01b07c1c15c65""]","[0,0,""119044/431585"",""735985729667/278125913460"",""394/2365"",""ec0a33dee15138fea6974bc5601c1809bdc39a66d8636c11059d8da2d0797aaf""]",True
49,1,PAIRWISE_GROUP_SWAP,HBG_008fb938cf34,HBG_a12b3ace65f7,validation|train,train|validation,"[0,0,""119044/431585"",""735985729667/278125913460"",""394/2365"",""ec0a33dee15138fea6974bc5601c1809bdc39a66d8636c11059d8da2d0797aaf""]","[0,0,""117004/431585"",""181335683468/69531478365"",""394/2365"",""06ea68e552e83f3d0eca67774907379abe01e9fdf767ffb5ab38f216af974d45""]",True
50,1,PAIRWISE_GROUP_SWAP,HBG_008fb938cf34,HBG_a84426352825,train|validation,validation|train,"[0,0,""117004/431585"",""181335683468/69531478365"",""394/2365"",""06ea68e552e83f3d0eca67774907379abe01e9fdf767ffb5ab38f216af974d45""]","[0,0,""6156/22715"",""182113117991/69531478365"",""394/2365"",""654c7feaf58843c802e4e306343f90e3cd29b934c003c244812ea1faad614184""]",True
51,1,PAIRWISE_GROUP_SWAP,HBG_008fb938cf34,HBG_a8a5748ba6c0,validation|train,train|validation,"[0,0,""6156/22715"",""182113117991/69531478365"",""394/2365"",""654c7feaf58843c802e4e306343f90e3cd29b934c003c244812ea1faad614184""]","[0,0,""114524/431585"",""717809476169/278125913460"",""394/2365"",""48ca0b9cb5b845beef12ee8128ce2b7a0fa9f634c4ef9a932b62877a9e6b6353""]",True
52,1,PAIRWISE_GROUP_SWAP,HBG_008fb938cf34,HBG_a9418b428f99,train|validation,validation|train,"[0,0,""114524/431585"",""717809476169/278125913460"",""394/2365"",""48ca0b9cb5b845beef12ee8128ce2b7a0fa9f634c4ef9a932b62877a9e6b6353""]","[0,0,""6026/22715"",""731442897473/278125913460"",""394/2365"",""1e7352d29e17c1b90e3b88630298f5c4950407cef1ea502dee10cc9dc423f8ce""]",True
53,1,PAIRWISE_GROUP_SWAP,HBG_008fb938cf34,HBG_ab4ae2581394,validation|train,train|validation,"[0,0,""6026/22715"",""731442897473/278125913460"",""394/2365"",""1e7352d29e17c1b90e3b88630298f5c4950407cef1ea502dee10cc9dc423f8ce""]","[0,0,""113514/431585"",""717121180193/278125913460"",""394/2365"",""dca2f7f906c8641384eb16ec8ff26e63f5af553950a11bed8844e1713ce40684""]",True
54,1,PAIRWISE_GROUP_SWAP,HBG_008fb938cf34,HBG_b9a5844724d3,train|validation,validation|train,"[0,0,""113514/431585"",""717121180193/278125913460"",""394/2365"",""dca2f7f906c8641384eb16ec8ff26e63f5af553950a11bed8844e1713ce40684""]","[0,0,""113424/431585"",""145307085793/55625182692"",""394/2365"",""954f16b825beb8123bf958aed585372002a702dac3f7e81eac624f32e55ea67f""]",True
55,1,PAIRWISE_GROUP_SWAP,HBG_008fb938cf34,HBG_b9e56aa641d7,validation|train,train|validation,"[0,0,""113424/431585"",""145307085793/55625182692"",""394/2365"",""954f16b825beb8123bf958aed585372002a702dac3f7e81eac624f32e55ea67f""]","[0,0,""16032/61655"",""142442742337/55625182692"",""394/2365"",""bc11d015cc51dadec6bfe06706eb9e82e0b03c50122a0c7a2debadab66823de1""]",True
56,1,PAIRWISE_GROUP_SWAP,HBG_008fb938cf34,HBG_bc0e3200354a,train|validation,validation|train,"[0,0,""16032/61655"",""142442742337/55625182692"",""394/2365"",""bc11d015cc51dadec6bfe06706eb9e82e0b03c50122a0c7a2debadab66823de1""]","[0,0,""112194/431585"",""146973486577/55625182692"",""394/2365"",""c078d77a5e65ae698f93a2f906e6ed4638c66477cf1dfc3a03098e44ac130d72""]",True
57,1,PAIRWISE_GROUP_SWAP,HBG_008fb938cf34,HBG_bd0b3ddd2063,validation|test,test|validation,"[0,0,""112194/431585"",""146973486577/55625182692"",""394/2365"",""c078d77a5e65ae698f93a2f906e6ed4638c66477cf1dfc3a03098e44ac130d72""]","[0,0,""112194/431585"",""146973486577/55625182692"",""394/2365"",""30f2dd7151b3a5bc2c72325af7b2bbcb65bd780659c2988236efda5b5a32279e""]",True
58,1,PAIRWISE_GROUP_SWAP,HBG_008fb938cf34,HBG_be0779f1a2d9,test|train,train|test,"[0,0,""112194/431585"",""146973486577/55625182692"",""394/2365"",""30f2dd7151b3a5bc2c72325af7b2bbcb65bd780659c2988236efda5b5a32279e""]","[0,0,""108924/431585"",""72422443709/27812591346"",""394/2365"",""655f78ec384f1a0363b4f62c8b0f2697e91f2200d6749eb5bb03b32462a0d941""]",True
59,1,PAIRWISE_GROUP_SWAP,HBG_008fb938cf34,HBG_bf0d6a06d1f8,train|validation,validation|train,"[0,0,""108924/431585"",""72422443709/27812591346"",""394/2365"",""655f78ec384f1a0363b4f62c8b0f2697e91f2200d6749eb5bb03b32462a0d941""]","[0,0,""108844/431585"",""74081612879/27812591346"",""394/2365"",""cb206e1b8d2c9c29859a81f2c0819c3df3c294639777f2717c3a331a86db854f""]",True
60,1,PAIRWISE_GROUP_SWAP,HBG_008fb938cf34,HBG_c098b07dc6c2,validation|test,test|validation,"[0,0,""108844/431585"",""74081612879/27812591346"",""394/2365"",""cb206e1b8d2c9c29859a81f2c0819c3df3c294639777f2717c3a331a86db854f""]","[0,0,""108844/431585"",""74081612879/27812591346"",""394/2365"",""5398ee0085391cea2e2a4526204914976ef5bfa93523e1ebb50b9d925c5d587e""]",True
61,1,PAIRWISE_GROUP_SWAP,HBG_008fb938cf34,HBG_c132aec841c7,test|train,train|test,"[0,0,""108844/431585"",""74081612879/27812591346"",""394/2365"",""5398ee0085391cea2e2a4526204914976ef5bfa93523e1ebb50b9d925c5d587e""]","[0,0,""108774/431585"",""74081612879/27812591346"",""394/2365"",""dd32ee2684133aadd06cdabf8a2aed375a374394ac425aec83c5861301cda58f""]",True
62,1,PAIRWISE_GROUP_SWAP,HBG_008fb938cf34,HBG_c434ec5b8794,train|test,test|train,"[0,0,""108774/431585"",""74081612879/27812591346"",""394/2365"",""dd32ee2684133aadd06cdabf8a2aed375a374394ac425aec83c5861301cda58f""]","[0,0,""1412/5605"",""74843601683/27812591346"",""394/2365"",""4c2cf1b19c98fbabb8ed96f76a13dc93d873f0a441cd9b165d9434ef30e71d3a""]",True
63,1,PAIRWISE_GROUP_SWAP,HBG_008fb938cf34,HBG_c4637945081c,test|train,train|test,"[0,0,""1412/5605"",""74843601683/27812591346"",""394/2365"",""4c2cf1b19c98fbabb8ed96f76a13dc93d873f0a441cd9b165d9434ef30e71d3a""]","[0,0,""105104/431585"",""147558604207/55625182692"",""394/2365"",""69c6e09b392f1f074a688185cbd7a00a63a3d6975ed0d6d41338f86fa2407042""]",True
64,1,PAIRWISE_GROUP_SWAP,HBG_008fb938cf34,HBG_c8ca54a9d725,train|validation,validation|train,"[0,0,""105104/431585"",""147558604207/55625182692"",""394/2365"",""69c6e09b392f1f074a688185cbd7a00a63a3d6975ed0d6d41338f86fa2407042""]","[0,0,""105104/431585"",""147558604207/55625182692"",""394/2365"",""3c4e76fa01bb16669a52d3c1c6812046ee6484e785ae12669454dac0df24c2f0""]",True
65,1,PAIRWISE_GROUP_SWAP,HBG_008fb938cf34,HBG_c8e7aa31a30d,validation|train,train|validation,"[0,0,""105104/431585"",""147558604207/55625182692"",""394/2365"",""3c4e76fa01bb16669a52d3c1c6812046ee6484e785ae12669454dac0df24c2f0""]","[0,0,""104094/431585"",""144694260751/55625182692"",""394/2365"",""869f8c9bae92ed9c6643e0030131031519088aff06c8e337fade44b0af4e25d6""]",True
66,1,PAIRWISE_GROUP_SWAP,HBG_008fb938cf34,HBG_d680a42b2d0d,train|validation,validation|train,"[0,0,""104094/431585"",""144694260751/55625182692"",""394/2365"",""869f8c9bae92ed9c6643e0030131031519088aff06c8e337fade44b0af4e25d6""]","[0,0,""104004/431585"",""148012599091/55625182692"",""394/2365"",""a826f63c9998c859bd68815786da037c9f84409ec2e56152dca4205dbe8a45e4""]",True
67,1,PAIRWISE_GROUP_SWAP,HBG_008fb938cf34,HBG_d7033349bbe5,validation|test,test|validation,"[0,0,""104004/431585"",""148012599091/55625182692"",""394/2365"",""a826f63c9998c859bd68815786da037c9f84409ec2e56152dca4205dbe8a45e4""]","[0,0,""104004/431585"",""148012599091/55625182692"",""394/2365"",""722a3160a9ea2e839d3cd0634ab857d4b8072f9a4805946f4798bad74df741c1""]",True
68,1,PAIRWISE_GROUP_SWAP,HBG_008fb938cf34,HBG_d7595041e852,test|train,train|test,"[0,0,""104004/431585"",""148012599091/55625182692"",""394/2365"",""722a3160a9ea2e839d3cd0634ab857d4b8072f9a4805946f4798bad74df741c1""]","[0,0,""9454/39235"",""148012599091/55625182692"",""394/2365"",""25dae600157623dc08a153a4c66422651bc54d4856c5926a189c5fe91078cc09""]",True
69,1,PAIRWISE_GROUP_SWAP,HBG_008fb938cf34,HBG_dd17e8e6814a,train|validation,validation|train,"[0,0,""9454/39235"",""148012599091/55625182692"",""394/2365"",""25dae600157623dc08a153a4c66422651bc54d4856c5926a189c5fe91078cc09""]","[0,0,""103924/431585"",""151330937431/55625182692"",""394/2365"",""58bac71ea8028ca44ced4221f34d6673237feb8d904cbf02f49d56d78042c50d""]",True
70,1,PAIRWISE_GROUP_SWAP,HBG_008fb938cf34,HBG_dddb0c7a5a97,validation|test,test|validation,"[0,0,""103924/431585"",""151330937431/55625182692"",""394/2365"",""58bac71ea8028ca44ced4221f34d6673237feb8d904cbf02f49d56d78042c50d""]","[0,0,""103924/431585"",""752144537207/278125913460"",""394/2365"",""af863b30eee1e20173d1904a0e48016d071aecff7e08adaa5542adfa72918490""]",True
71,1,PAIRWISE_GROUP_SWAP,HBG_008fb938cf34,HBG_de7b6ea10465,test|train,train|test,"[0,0,""103924/431585"",""752144537207/278125913460"",""394/2365"",""af863b30eee1e20173d1904a0e48016d071aecff7e08adaa5542adfa72918490""]","[0,0,""99384/431585"",""720339787127/278125913460"",""394/2365"",""494d881870a36bfdcf3ebd8efd801ae587700d3404dfec81509ad8770ef3f0cf""]",True
72,1,PAIRWISE_GROUP_SWAP,HBG_008fb938cf34,HBG_e228eccb6bc2,train|validation,validation|train,"[0,0,""99384/431585"",""720339787127/278125913460"",""394/2365"",""494d881870a36bfdcf3ebd8efd801ae587700d3404dfec81509ad8770ef3f0cf""]","[0,0,""99304/431585"",""736931478827/278125913460"",""394/2365"",""02fe4996466def3a095db905185e2108f38e786cdfe9d739e40d6c8dab9d6eb6""]",True
73,1,PAIRWISE_GROUP_SWAP,HBG_008fb938cf34,HBG_e2501b9e5098,validation|train,train|validation,"[0,0,""99304/431585"",""736931478827/278125913460"",""394/2365"",""02fe4996466def3a095db905185e2108f38e786cdfe9d739e40d6c8dab9d6eb6""]","[0,0,""98904/431585"",""722917891627/278125913460"",""394/2365"",""03e33be1e93a2066ccdd0ed823888c42b2c36f8167c5d5c11f9a0638dfd36d7e""]",True
74,1,PAIRWISE_GROUP_SWAP,HBG_008fb938cf34,HBG_eb45a6a5bba1,train|test,test|train,"[0,0,""98904/431585"",""722917891627/278125913460"",""394/2365"",""03e33be1e93a2066ccdd0ed823888c42b2c36f8167c5d5c11f9a0638dfd36d7e""]","[0,0,""98894/431585"",""745571612827/278125913460"",""394/2365"",""abc1b27fa29e13bf5132d00d23d1c2d6f6a9719c33e4e6ad75c9ca26d6aa541a""]",True
75,1,PAIRWISE_GROUP_SWAP,HBG_008fb938cf34,HBG_eb898e69d639,test|train,train|test,"[0,0,""98894/431585"",""745571612827/278125913460"",""394/2365"",""abc1b27fa29e13bf5132d00d23d1c2d6f6a9719c33e4e6ad75c9ca26d6aa541a""]","[0,0,""98664/431585"",""123764526113/46354318910"",""394/2365"",""69785066531bd01c6f01c09c4a65bba0e790446a77d8ec6b6b61180d0221c316""]",True
76,1,PAIRWISE_GROUP_SWAP,HBG_008fb938cf34,HBG_f05264598ab7,train|validation,validation|train,"[0,0,""98664/431585"",""123764526113/46354318910"",""394/2365"",""69785066531bd01c6f01c09c4a65bba0e790446a77d8ec6b6b61180d0221c316""]","[0,0,""8964/39235"",""126529808063/46354318910"",""394/2365"",""1198492f671ca9d3da75290785a738983b87a879a4e07206dfad09a5d79520b6""]",True
77,1,PAIRWISE_GROUP_SWAP,HBG_008fb938cf34,HBG_f1a3ccbac25c,validation|train,train|validation,"[0,0,""8964/39235"",""126529808063/46354318910"",""394/2365"",""1198492f671ca9d3da75290785a738983b87a879a4e07206dfad09a5d79520b6""]","[0,0,""97004/431585"",""124142855183/46354318910"",""394/2365"",""a35294719bc99eabb47f96e5ec4ec03987c3accdfc8b4cf1df1afd9b2bbffdd2""]",True
78,1,PAIRWISE_GROUP_SWAP,HBG_008fb938cf34,HBG_f3383250f4a2,train|test,test|train,"[0,0,""97004/431585"",""124142855183/46354318910"",""394/2365"",""a35294719bc99eabb47f96e5ec4ec03987c3accdfc8b4cf1df1afd9b2bbffdd2""]","[0,0,""8814/39235"",""127918475383/46354318910"",""394/2365"",""727e84338a55b77fb2be444e3c1d7e06ca1dcf2215c22a61b50289f60a83692d""]",True
79,1,PAIRWISE_GROUP_SWAP,HBG_008fb938cf34,HBG_f3f13e6e1be1,test|validation,validation|test,"[0,0,""8814/39235"",""127918475383/46354318910"",""394/2365"",""727e84338a55b77fb2be444e3c1d7e06ca1dcf2215c22a61b50289f60a83692d""]","[0,0,""8814/39235"",""127918475383/46354318910"",""394/2365"",""08f176e3e67ed47547ed0a035798deca0e4a43cddeab8b98943959305ec81ff8""]",True
80,1,PAIRWISE_GROUP_SWAP,HBG_008fb938cf34,HBG_f4567da904dc,validation|train,train|validation,"[0,0,""8814/39235"",""127918475383/46354318910"",""394/2365"",""08f176e3e67ed47547ed0a035798deca0e4a43cddeab8b98943959305ec81ff8""]","[0,0,""94834/431585"",""252289285501/92708637820"",""394/2365"",""1d6650a59dd356361dcf0cd8ce4f5f9c313de0584e159704779cbc946a2c94d9""]",True
81,1,PAIRWISE_GROUP_SWAP,HBG_008fb938cf34,HBG_f4b2ad141283,train|test,test|train,"[0,0,""94834/431585"",""252289285501/92708637820"",""394/2365"",""1d6650a59dd356361dcf0cd8ce4f5f9c313de0584e159704779cbc946a2c94d9""]","[0,0,""94744/431585"",""257819849401/92708637820"",""394/2365"",""ea3558e4e7c72a13b968773e80e539409fd160660ada815dc821eb6794ddb7ad""]",True
82,1,PAIRWISE_GROUP_SWAP,HBG_008fb938cf34,HBG_f4d8dce6e702,test|validation,validation|test,"[0,0,""94744/431585"",""257819849401/92708637820"",""394/2365"",""ea3558e4e7c72a13b968773e80e539409fd160660ada815dc821eb6794ddb7ad""]","[0,0,""94744/431585"",""257819849401/92708637820"",""394/2365"",""3f9eb548eea6bcc487b9ee520e9ba96c797bc87f10d0161c29f1cb9081887ca2""]",True
83,1,PAIRWISE_GROUP_SWAP,HBG_008fb938cf34,HBG_f5d3ff285109,validation|train,train|validation,"[0,0,""94744/431585"",""257819849401/92708637820"",""394/2365"",""3f9eb548eea6bcc487b9ee520e9ba96c797bc87f10d0161c29f1cb9081887ca2""]","[0,0,""94504/431585"",""385237546027/139062956730"",""394/2365"",""b78da2da85f93ad1c882a088b043aca842894987ac57d307c633903903dd5e2a""]",True
84,1,PAIRWISE_GROUP_SWAP,HBG_008fb938cf34,HBG_f5e6c4e1d4f0,train|test,test|train,"[0,0,""94504/431585"",""385237546027/139062956730"",""394/2365"",""b78da2da85f93ad1c882a088b043aca842894987ac57d307c633903903dd5e2a""]","[0,0,""94414/431585"",""393533391877/139062956730"",""394/2365"",""23f85f37f4362aba3a9c67318f383db5b25ea2488473c6334e7d49db969d98d2""]",True
85,1,PAIRWISE_GROUP_SWAP,HBG_008fb938cf34,HBG_f6209911ce1f,test|train,train|test,"[0,0,""94414/431585"",""393533391877/139062956730"",""394/2365"",""23f85f37f4362aba3a9c67318f383db5b25ea2488473c6334e7d49db969d98d2""]","[0,0,""91944/431585"",""776423787959/278125913460"",""394/2365"",""e1a472c9473a83dec77240b0a422961ee7562d36cbad4860859eff48eb482d5c""]",True
86,1,PAIRWISE_GROUP_SWAP,HBG_008fb938cf34,HBG_f6d1d4899699,train|test,test|train,"[0,0,""91944/431585"",""776423787959/278125913460"",""394/2365"",""e1a472c9473a83dec77240b0a422961ee7562d36cbad4860859eff48eb482d5c""]","[0,0,""13122/61655"",""793015479659/278125913460"",""394/2365"",""2ef41bb31db2d075671ce9cacd369dcf1e10da40790391b850eebfbce23b9ead""]",True
87,1,PAIRWISE_GROUP_SWAP,HBG_008fb938cf34,HBG_f87bca8aa9da,test|train,train|test,"[0,0,""13122/61655"",""793015479659/278125913460"",""394/2365"",""2ef41bb31db2d075671ce9cacd369dcf1e10da40790391b850eebfbce23b9ead""]","[0,0,""12982/61655"",""778693762379/278125913460"",""394/2365"",""91c198d08821ef955b2fb933e006cec918fa6990106ba0f2f7a937488379ce56""]",True
88,1,PAIRWISE_GROUP_SWAP,HBG_00cf0ff0d299,HBG_02fac5b87e7e,train|validation,validation|train,"[0,0,""12982/61655"",""778693762379/278125913460"",""394/2365"",""91c198d08821ef955b2fb933e006cec918fa6990106ba0f2f7a937488379ce56""]","[0,0,""88304/431585"",""192012691646/69531478365"",""394/2365"",""0bed530297b3bbe18b4f2c31f3d285f275b991f13679bb6eb854b1a7bddef55c""]",True
89,1,PAIRWISE_GROUP_SWAP,HBG_00cf0ff0d299,HBG_0d1021cad155,validation|train,train|validation,"[0,0,""88304/431585"",""192012691646/69531478365"",""394/2365"",""0bed530297b3bbe18b4f2c31f3d285f275b991f13679bb6eb854b1a7bddef55c""]","[0,0,""87624/431585"",""192012691646/69531478365"",""394/2365"",""71990bde0163a0285b0da5dd9a6ad24ebd745c47928bec0f1bd5180937f0f4ff""]",True
90,1,PAIRWISE_GROUP_SWAP,HBG_00cf0ff0d299,HBG_0d485f163e75,train|test,test|train,"[0,0,""87624/431585"",""192012691646/69531478365"",""394/2365"",""71990bde0163a0285b0da5dd9a6ad24ebd745c47928bec0f1bd5180937f0f4ff""]","[0,0,""85154/431585"",""5510088601/2015405170"",""394/2365"",""43b71120493acba86afba4197a5c7e8f075f6ebf159eab22709ef78a577df65f""]",True
91,1,PAIRWISE_GROUP_SWAP,HBG_00cf0ff0d299,HBG_107f6ad73c18,test|validation,validation|test,"[0,0,""85154/431585"",""5510088601/2015405170"",""394/2365"",""43b71120493acba86afba4197a5c7e8f075f6ebf159eab22709ef78a577df65f""]","[0,0,""85154/431585"",""5510088601/2015405170"",""394/2365"",""24013bac23e31a0b4cc4bc19939afa21b246471c15f79e050e217f1d7438529c""]",True
92,1,PAIRWISE_GROUP_SWAP,HBG_00cf0ff0d299,HBG_189f3a701e2b,validation|train,train|validation,"[0,0,""85154/431585"",""5510088601/2015405170"",""394/2365"",""24013bac23e31a0b4cc4bc19939afa21b246471c15f79e050e217f1d7438529c""]","[0,0,""4436/22715"",""5510088601/2015405170"",""394/2365"",""e810dd31234ba86b7b786b0cae47cb28ea3543946be9665f4929486863c4c41a""]",True
93,1,PAIRWISE_GROUP_SWAP,HBG_00cf0ff0d299,HBG_19a1c3f77d5d,train|validation,validation|train,"[0,0,""4436/22715"",""5510088601/2015405170"",""394/2365"",""e810dd31234ba86b7b786b0cae47cb28ea3543946be9665f4929486863c4c41a""]","[0,0,""11692/61655"",""188183421823/69531478365"",""394/2365"",""0ed2dea309502d8f85bb4b669b570ba0e7c81e1efbf08adf5e981a01b27d6667""]",True
94,1,PAIRWISE_GROUP_SWAP,HBG_00cf0ff0d299,HBG_21430d79b83e,validation|train,train|validation,"[0,0,""11692/61655"",""188183421823/69531478365"",""394/2365"",""0ed2dea309502d8f85bb4b669b570ba0e7c81e1efbf08adf5e981a01b27d6667""]","[0,0,""4296/22715"",""188183421823/69531478365"",""394/2365"",""1e12eb20b5687a68ae5fb43098aaeddd7539818a0496ce46a44b0b808739ca2e""]",True
95,1,PAIRWISE_GROUP_SWAP,HBG_00cf0ff0d299,HBG_22ee4049cd25,train|test,test|train,"[0,0,""4296/22715"",""188183421823/69531478365"",""394/2365"",""1e12eb20b5687a68ae5fb43098aaeddd7539818a0496ce46a44b0b808739ca2e""]","[0,0,""79504/431585"",""756104278697/278125913460"",""394/2365"",""5598331f16748d19ecf71cdca88ba8388f7338d5812eaad94bab2b2438fc04e7""]",True
96,1,PAIRWISE_GROUP_SWAP,HBG_00cf0ff0d299,HBG_25bce595388f,test|train,train|test,"[0,0,""79504/431585"",""756104278697/278125913460"",""394/2365"",""5598331f16748d19ecf71cdca88ba8388f7338d5812eaad94bab2b2438fc04e7""]","[0,0,""77464/431585"",""183735631103/69531478365"",""394/2365"",""479927ccece1c17ecfa3f5963e2e63d25651ce9934feb0e9c7f2aa85920a8a65""]",True
97,1,PAIRWISE_GROUP_SWAP,HBG_00cf0ff0d299,HBG_2b2aef9a22bf,train|test,test|train,"[0,0,""77464/431585"",""183735631103/69531478365"",""394/2365"",""479927ccece1c17ecfa3f5963e2e63d25651ce9934feb0e9c7f2aa85920a8a65""]","[0,0,""75024/431585"",""121213997461/46354318910"",""394/2365"",""fded44388458ae3f9b2014f9e1962e558f55e871eff484e9deeae6af35073a8e""]",True
98,1,PAIRWISE_GROUP_SWAP,HBG_00cf0ff0d299,HBG_2d8dd1b2e7fa,test|validation,validation|test,"[0,0,""75024/431585"",""121213997461/46354318910"",""394/2365"",""fded44388458ae3f9b2014f9e1962e558f55e871eff484e9deeae6af35073a8e""]","[0,0,""75024/431585"",""121213997461/46354318910"",""394/2365"",""6d5277feccdff0e2a194ae23a25639bb4c122e44bb4aa19f647c9e28dc49bd68""]",True
99,1,PAIRWISE_GROUP_SWAP,HBG_00cf0ff0d299,HBG_30ea05e068aa,validation|test,test|validation,"[0,0,""75024/431585"",""121213997461/46354318910"",""394/2365"",""6d5277feccdff0e2a194ae23a25639bb4c122e44bb4aa19f647c9e28dc49bd68""]","[0,0,""75024/431585"",""121213997461/46354318910"",""394/2365"",""40e3519b5956f09cb257176b3af15d5e890b64c8b551b256041d125fd7dfc968""]",True
100,1,PAIRWISE_GROUP_SWAP,HBG_00cf0ff0d299,HBG_353c5798293c,test|train,train|test,"[0,0,""75024/431585"",""121213997461/46354318910"",""394/2365"",""40e3519b5956f09cb257176b3af15d5e890b64c8b551b256041d125fd7dfc968""]","[0,0,""73874/431585"",""121213997461/46354318910"",""394/2365"",""b4a81f9f476aaa031604b75087f532064b9855777deb755c35e43cb570fa20bf""]",True
101,1,PAIRWISE_GROUP_SWAP,HBG_00cf0ff0d299,HBG_37d96977c251,train|test,test|train,"[0,0,""73874/431585"",""121213997461/46354318910"",""394/2365"",""b4a81f9f476aaa031604b75087f532064b9855777deb755c35e43cb570fa20bf""]","[0,0,""71644/431585"",""35981272256/13906295673"",""394/2365"",""237042da3d82bb9ae67a883a81303b18a55a6f6789d07ec2445d1c3212bfbcdc""]",True
102,1,PAIRWISE_GROUP_SWAP,HBG_00cf0ff0d299,HBG_394cc80eb83b,test|validation,validation|test,"[0,0,""71644/431585"",""35981272256/13906295673"",""394/2365"",""237042da3d82bb9ae67a883a81303b18a55a6f6789d07ec2445d1c3212bfbcdc""]","[0,0,""71644/431585"",""35981272256/13906295673"",""394/2365"",""183aeebcd559e319553429de6af7799523c7f9ff8bee0cf5d445403e1ce034c7""]",True
103,1,PAIRWISE_GROUP_SWAP,HBG_00cf0ff0d299,HBG_3dcc26eed848,validation|train,train|validation,"[0,0,""71644/431585"",""35981272256/13906295673"",""394/2365"",""183aeebcd559e319553429de6af7799523c7f9ff8bee0cf5d445403e1ce034c7""]","[0,0,""70634/431585"",""35981272256/13906295673"",""394/2365"",""3a4f6f50f210c40fb357234bb428a76353ce59cdee8dbda39e87e05f2f4fe978""]",True
104,1,PAIRWISE_GROUP_SWAP,HBG_00cf0ff0d299,HBG_40cded32b1f5,train|validation,validation|train,"[0,0,""70634/431585"",""35981272256/13906295673"",""394/2365"",""3a4f6f50f210c40fb357234bb428a76353ce59cdee8dbda39e87e05f2f4fe978""]","[0,0,""68074/431585"",""141796489865/55625182692"",""394/2365"",""95ba12ca6ed15e5763538365ea7d17168b4dd1f3d2f8917ebb475aee806b6197""]",True
105,1,PAIRWISE_GROUP_SWAP,HBG_00cf0ff0d299,HBG_42b4a7965b1c,validation|train,train|validation,"[0,0,""68074/431585"",""141796489865/55625182692"",""394/2365"",""95ba12ca6ed15e5763538365ea7d17168b4dd1f3d2f8917ebb475aee806b6197""]","[0,0,""68044/431585"",""141796489865/55625182692"",""394/2365"",""511b9f963564acaafce69e1cc9009b7e7efc018d5dc76d31f87c2128ecf74098""]",True
106,1,PAIRWISE_GROUP_SWAP,HBG_00cf0ff0d299,HBG_4bc96374eedd,train|validation,validation|train,"[0,0,""68044/431585"",""141796489865/55625182692"",""394/2365"",""511b9f963564acaafce69e1cc9009b7e7efc018d5dc76d31f87c2128ecf74098""]","[0,0,""65614/431585"",""701323909679/278125913460"",""394/2365"",""18d869b0da151c3d9383a3ea732f383678bb495eba7067b68213e991f529f1e0""]",True
107,1,PAIRWISE_GROUP_SWAP,HBG_00cf0ff0d299,HBG_51b5be3d1f17,validation|train,train|validation,"[0,0,""65614/431585"",""701323909679/278125913460"",""394/2365"",""18d869b0da151c3d9383a3ea732f383678bb495eba7067b68213e991f529f1e0""]","[0,0,""63774/431585"",""340081077697/139062956730"",""394/2365"",""b61137e5c1df0fb290e2fd63580ab7592b8b996e33b52656adbc2089aae1d1ba""]",True
108,1,PAIRWISE_GROUP_SWAP,HBG_00cf0ff0d299,HBG_51e954dd7e8c,train|test,test|train,"[0,0,""63774/431585"",""340081077697/139062956730"",""394/2365"",""b61137e5c1df0fb290e2fd63580ab7592b8b996e33b52656adbc2089aae1d1ba""]","[0,0,""8782/61655"",""56041967979/23177159455"",""394/2365"",""fb3e07068d47c632c504fc5eb664fd00ab1084f27ae001efe414d2cb3fbc7486""]",True
109,1,PAIRWISE_GROUP_SWAP,HBG_00cf0ff0d299,HBG_52a5f922d0f2,test|validation,validation|test,"[0,0,""8782/61655"",""56041967979/23177159455"",""394/2365"",""fb3e07068d47c632c504fc5eb664fd00ab1084f27ae001efe414d2cb3fbc7486""]","[0,0,""8782/61655"",""56041967979/23177159455"",""394/2365"",""f70cd1aaf327d5d861edc58b58c73c1f6203085d9db075b80afc9210503dc1bf""]",True
110,1,PAIRWISE_GROUP_SWAP,HBG_00cf0ff0d299,HBG_52b214df152e,validation|test,test|validation,"[0,0,""8782/61655"",""56041967979/23177159455"",""394/2365"",""f70cd1aaf327d5d861edc58b58c73c1f6203085d9db075b80afc9210503dc1bf""]","[0,0,""8782/61655"",""56041967979/23177159455"",""394/2365"",""475e632b45bc0c6b218a74f9b5df320ed3b7ecab3e76e1db928854ddb764c6d7""]",True
111,1,PAIRWISE_GROUP_SWAP,HBG_00cf0ff0d299,HBG_5708180f62c7,test|validation,validation|test,"[0,0,""8782/61655"",""56041967979/23177159455"",""394/2365"",""475e632b45bc0c6b218a74f9b5df320ed3b7ecab3e76e1db928854ddb764c6d7""]","[0,0,""8782/61655"",""56041967979/23177159455"",""394/2365"",""0ad6be4056201876d95bd47e2a805d853b855227b5ac8f32b08435b7cc96e403""]",True
112,1,PAIRWISE_GROUP_SWAP,HBG_00cf0ff0d299,HBG_64de98de1e64,validation|train,train|validation,"[0,0,""8782/61655"",""56041967979/23177159455"",""394/2365"",""0ad6be4056201876d95bd47e2a805d853b855227b5ac8f32b08435b7cc96e403""]","[0,0,""60804/431585"",""56041967979/23177159455"",""394/2365"",""4fb85eaf88fa891809d54e6b42826045a00b9f458394d0cb6fc71e1e162a2d5a""]",True
113,1,PAIRWISE_GROUP_SWAP,HBG_00cf0ff0d299,HBG_698e28e66f64,train|test,test|train,"[0,0,""60804/431585"",""56041967979/23177159455"",""394/2365"",""4fb85eaf88fa891809d54e6b42826045a00b9f458394d0cb6fc71e1e162a2d5a""]","[0,0,""3096/22715"",""675874207153/278125913460"",""394/2365"",""e6a97073e29fb610b21c5beb22393856a70e499609d96ec700ce7eb42f33a188""]",True
114,1,PAIRWISE_GROUP_SWAP,HBG_00cf0ff0d299,HBG_6b696b6d58d4,test|validation,validation|test,"[0,0,""3096/22715"",""675874207153/278125913460"",""394/2365"",""e6a97073e29fb610b21c5beb22393856a70e499609d96ec700ce7eb42f33a188""]","[0,0,""3096/22715"",""675874207153/278125913460"",""394/2365"",""0d75f72e824729f79f7d5a54766cb7faa345416a9abc1c0b5567a0d93f7fcd84""]",True
115,1,PAIRWISE_GROUP_SWAP,HBG_00cf0ff0d299,HBG_778789263c8b,validation|train,train|validation,"[0,0,""3096/22715"",""675874207153/278125913460"",""394/2365"",""0d75f72e824729f79f7d5a54766cb7faa345416a9abc1c0b5567a0d93f7fcd84""]","[0,0,""57754/431585"",""675874207153/278125913460"",""394/2365"",""b5557e00fddbd7990c18be7d4dd18b16298b3328a4322b096a807e34aaf7939d""]",True
116,1,PAIRWISE_GROUP_SWAP,HBG_00cf0ff0d299,HBG_779c35ecf04d,train|test,test|train,"[0,0,""57754/431585"",""675874207153/278125913460"",""394/2365"",""b5557e00fddbd7990c18be7d4dd18b16298b3328a4322b096a807e34aaf7939d""]","[0,0,""55274/431585"",""29052855109/12092431020"",""394/2365"",""9f7d4ed5e1acca31cb85def3166af69d5c07b40a208f9a464595ae35603f7bd0""]",True
117,1,PAIRWISE_GROUP_SWAP,HBG_00cf0ff0d299,HBG_7a0b0d8e4cb7,test|validation,validation|test,"[0,0,""55274/431585"",""29052855109/12092431020"",""394/2365"",""9f7d4ed5e1acca31cb85def3166af69d5c07b40a208f9a464595ae35603f7bd0""]","[0,0,""55274/431585"",""29052855109/12092431020"",""394/2365"",""4dab063959f8a495c04ab7c5bd0cfe166fe676580d42ce7e056dc875848294f2""]",True
118,1,PAIRWISE_GROUP_SWAP,HBG_00cf0ff0d299,HBG_7c2a40180195,validation|test,test|validation,"[0,0,""55274/431585"",""29052855109/12092431020"",""394/2365"",""4dab063959f8a495c04ab7c5bd0cfe166fe676580d42ce7e056dc875848294f2""]","[0,0,""55274/431585"",""29052855109/12092431020"",""394/2365"",""00a93d7191a7a251a4f65228cba3b4c78449f8f3d685f1f60d835ff2e6871862""]",True
119,1,PAIRWISE_GROUP_SWAP,HBG_00cf0ff0d299,HBG_889cc6984044,test|train,train|test,"[0,0,""55274/431585"",""29052855109/12092431020"",""394/2365"",""00a93d7191a7a251a4f65228cba3b4c78449f8f3d685f1f60d835ff2e6871862""]","[0,0,""54504/431585"",""29052855109/12092431020"",""394/2365"",""bf0fc0053a3d1c3c9be3001588f5f1d4bfcfa7b6925e7cfcbe7a7f1e78eb820b""]",True
120,1,PAIRWISE_GROUP_SWAP,HBG_00cf0ff0d299,HBG_8a181477b3c9,train|validation,validation|train,"[0,0,""54504/431585"",""29052855109/12092431020"",""394/2365"",""bf0fc0053a3d1c3c9be3001588f5f1d4bfcfa7b6925e7cfcbe7a7f1e78eb820b""]","[0,0,""4724/39235"",""164393167928/69531478365"",""394/2365"",""55e120e47942b619abeb170f887389ada8ce7334a2f5b2b7ec060c14595a8fe9""]",True
121,1,PAIRWISE_GROUP_SWAP,HBG_00cf0ff0d299,HBG_8cd7e4b65ebf,validation|train,train|validation,"[0,0,""4724/39235"",""164393167928/69531478365"",""394/2365"",""55e120e47942b619abeb170f887389ada8ce7334a2f5b2b7ec060c14595a8fe9""]","[0,0,""51454/431585"",""164393167928/69531478365"",""394/2365"",""add228bc92dad636c0728d59c9d36229e1301a1f443930a5b985b69b80f48b74""]",True
122,1,PAIRWISE_GROUP_SWAP,HBG_00cf0ff0d299,HBG_9061ad6d2b9f,train|test,test|train,"[0,0,""51454/431585"",""164393167928/69531478365"",""394/2365"",""add228bc92dad636c0728d59c9d36229e1301a1f443930a5b985b69b80f48b74""]","[0,0,""49864/431585"",""661251393197/278125913460"",""394/2365"",""e0ef134a2f1eb58d17a44f8a089b4bff8f59dc605c170d4693088f66cc5e56a1""]",True
123,1,PAIRWISE_GROUP_SWAP,HBG_00cf0ff0d299,HBG_95e156b8e95f,test|train,train|test,"[0,0,""49864/431585"",""661251393197/278125913460"",""394/2365"",""e0ef134a2f1eb58d17a44f8a089b4bff8f59dc605c170d4693088f66cc5e56a1""]","[0,0,""49164/431585"",""661251393197/278125913460"",""394/2365"",""0a7eeabbf5bf6aca4a63eb777a51a740895903df07cb01ccd52390955e2d6fb9""]",True
124,1,PAIRWISE_GROUP_SWAP,HBG_00cf0ff0d299,HBG_962153c78161,train|validation,validation|train,"[0,0,""49164/431585"",""661251393197/278125913460"",""394/2365"",""0a7eeabbf5bf6aca4a63eb777a51a740895903df07cb01ccd52390955e2d6fb9""]","[0,0,""46594/431585"",""325304198701/139062956730"",""394/2365"",""8568cb7cb751d69e935e629cf4a3f9df8558fdedc4ddbc689dd7370524f0b5be""]",True
125,1,PAIRWISE_GROUP_SWAP,HBG_00cf0ff0d299,HBG_98a6f5465bda,validation|train,train|validation,"[0,0,""46594/431585"",""325304198701/139062956730"",""394/2365"",""8568cb7cb751d69e935e629cf4a3f9df8558fdedc4ddbc689dd7370524f0b5be""]","[0,0,""45924/431585"",""325304198701/139062956730"",""394/2365"",""f4bde9c48718ac6073f75da36e599f487262c53d2df87d15267e602f8bb41bcd""]",True
126,1,PAIRWISE_GROUP_SWAP,HBG_00cf0ff0d299,HBG_9a63abb3cdd2,train|test,test|train,"[0,0,""45924/431585"",""325304198701/139062956730"",""394/2365"",""f4bde9c48718ac6073f75da36e599f487262c53d2df87d15267e602f8bb41bcd""]","[0,0,""43404/431585"",""639965401607/278125913460"",""394/2365"",""ae3eb5052cc04e2d407f13a81b05ca414fc4cf5b6f086d9714e163a46f74099e""]",True
127,1,PAIRWISE_GROUP_SWAP,HBG_00cf0ff0d299,HBG_9c3a91690ce6,test|validation,validation|test,"[0,0,""43404/431585"",""639965401607/278125913460"",""394/2365"",""ae3eb5052cc04e2d407f13a81b05ca414fc4cf5b6f086d9714e163a46f74099e""]","[0,0,""43404/431585"",""639965401607/278125913460"",""394/2365"",""229dfb0f168dc5f9b231e65133437c1c47d3924e42e407b1532b8aabdfee6646""]",True
128,1,PAIRWISE_GROUP_SWAP,HBG_00cf0ff0d299,HBG_9d30fa71cd8e,validation|train,train|validation,"[0,0,""43404/431585"",""639965401607/278125913460"",""394/2365"",""229dfb0f168dc5f9b231e65133437c1c47d3924e42e407b1532b8aabdfee6646""]","[0,0,""43284/431585"",""639965401607/278125913460"",""394/2365"",""b40aebfc3a89f9d21841371100c013529f8b1731b28dbf9e3c91135a8e4e17ae""]",True
129,1,PAIRWISE_GROUP_SWAP,HBG_00cf0ff0d299,HBG_9f5cbe9fbcfa,train|test,test|train,"[0,0,""43284/431585"",""639965401607/278125913460"",""394/2365"",""b40aebfc3a89f9d21841371100c013529f8b1731b28dbf9e3c91135a8e4e17ae""]","[0,0,""40734/431585"",""157330601453/69531478365"",""394/2365"",""94a0b71502d4f48119cc6e09b17f8963db4b76b7985a60c4b3ec67f830c2cde3""]",True
130,1,PAIRWISE_GROUP_SWAP,HBG_00cf0ff0d299,HBG_9fc449f0cff0,test|validation,validation|test,"[0,0,""40734/431585"",""157330601453/69531478365"",""394/2365"",""94a0b71502d4f48119cc6e09b17f8963db4b76b7985a60c4b3ec67f830c2cde3""]","[0,0,""40734/431585"",""157330601453/69531478365"",""394/2365"",""7ed1dffe602b20a64f612c6cd4d8e52740555f50c2ca4a94a64a29cafd99dea8""]",True
131,1,PAIRWISE_GROUP_SWAP,HBG_00cf0ff0d299,HBG_b017cb17f084,validation|train,train|validation,"[0,0,""40734/431585"",""157330601453/69531478365"",""394/2365"",""7ed1dffe602b20a64f612c6cd4d8e52740555f50c2ca4a94a64a29cafd99dea8""]","[0,0,""40024/431585"",""157330601453/69531478365"",""394/2365"",""1a04d4ec4d999d69382529cc050fe7cfe73d3a36cf95bd89d341a345359ca40d""]",True
132,1,PAIRWISE_GROUP_SWAP,HBG_00cf0ff0d299,HBG_b1cfc8363771,train|test,test|train,"[0,0,""40024/431585"",""157330601453/69531478365"",""394/2365"",""1a04d4ec4d999d69382529cc050fe7cfe73d3a36cf95bd89d341a345359ca40d""]","[0,0,""5372/61655"",""103610644361/46354318910"",""394/2365"",""65c2cad6bd606478b2c18598a9daed77f0ac1d77002ac678f9a1a1edf045e32c""]",True
133,1,PAIRWISE_GROUP_SWAP,HBG_00cf0ff0d299,HBG_b4f44fc9e539,test|train,train|test,"[0,0,""5372/61655"",""103610644361/46354318910"",""394/2365"",""65c2cad6bd606478b2c18598a9daed77f0ac1d77002ac678f9a1a1edf045e32c""]","[0,0,""37564/431585"",""103610644361/46354318910"",""394/2365"",""02ee4b443245e685a155b127e23deeec9407a7c2a899800bf136c7a435f9d2a9""]",True
134,1,PAIRWISE_GROUP_SWAP,HBG_00cf0ff0d299,HBG_b5af9abf5f11,train|validation,validation|train,"[0,0,""37564/431585"",""103610644361/46354318910"",""394/2365"",""02ee4b443245e685a155b127e23deeec9407a7c2a899800bf136c7a435f9d2a9""]","[0,0,""34994/431585"",""203673623457/92708637820"",""394/2365"",""dc1c0fa8a67fd0403c03880a1d73a2db8d3887cbc0005558f7d23a1912a1c542""]",True
135,1,PAIRWISE_GROUP_SWAP,HBG_00cf0ff0d299,HBG_b6a7d94a342a,validation|test,test|validation,"[0,0,""34994/431585"",""203673623457/92708637820"",""394/2365"",""dc1c0fa8a67fd0403c03880a1d73a2db8d3887cbc0005558f7d23a1912a1c542""]","[0,0,""34994/431585"",""203673623457/92708637820"",""394/2365"",""256cd4461b316a81f645382aadc1d42d1526bfa408d899be80cadc5d49987857""]",True
136,1,PAIRWISE_GROUP_SWAP,HBG_00cf0ff0d299,HBG_baa9e67e43e8,test|train,train|test,"[0,0,""34994/431585"",""203673623457/92708637820"",""394/2365"",""256cd4461b316a81f645382aadc1d42d1526bfa408d899be80cadc5d49987857""]","[0,0,""34634/431585"",""203673623457/92708637820"",""394/2365"",""2fc777f16e7bf0e0b18a5833125066aec7c35f41449084ae510d5d4c7c665c4f""]",True
137,1,PAIRWISE_GROUP_SWAP,HBG_00cf0ff0d299,HBG_bd0b3ddd2063,train|validation,validation|train,"[0,0,""34634/431585"",""203673623457/92708637820"",""394/2365"",""2fc777f16e7bf0e0b18a5833125066aec7c35f41449084ae510d5d4c7c665c4f""]","[0,0,""32204/431585"",""120672466145/55625182692"",""394/2365"",""ad12ee3b7e0cd484bd99babccda84d781e1d23d6c35a496cc83d3fcb5559f51b""]",True
138,1,PAIRWISE_GROUP_SWAP,HBG_00cf0ff0d299,HBG_be0779f1a2d9,validation|test,test|validation,"[0,0,""32204/431585"",""120672466145/55625182692"",""394/2365"",""ad12ee3b7e0cd484bd99babccda84d781e1d23d6c35a496cc83d3fcb5559f51b""]","[0,0,""32204/431585"",""120672466145/55625182692"",""394/2365"",""00c1d97490010322ffcbacf7c66024ef5d93550ffee4dd60e3b6189474cf2731""]",True
139,1,PAIRWISE_GROUP_SWAP,HBG_00cf0ff0d299,HBG_c35834bdb19f,test|train,train|test,"[0,0,""32204/431585"",""120672466145/55625182692"",""394/2365"",""00c1d97490010322ffcbacf7c66024ef5d93550ffee4dd60e3b6189474cf2731""]","[0,0,""1676/22715"",""120672466145/55625182692"",""394/2365"",""814a2cb723ac0ec1cc3626b0802fc51b6b45a3092a7f4fcc1c7da34baafcea1b""]",True
140,1,PAIRWISE_GROUP_SWAP,HBG_00cf0ff0d299,HBG_c4d4610dd910,train|validation,validation|train,"[0,0,""1676/22715"",""120672466145/55625182692"",""394/2365"",""814a2cb723ac0ec1cc3626b0802fc51b6b45a3092a7f4fcc1c7da34baafcea1b""]","[0,0,""29454/431585"",""595703791079/278125913460"",""394/2365"",""6de8cc509f3613f416710dc5eefcdd761173e577d0984031abeeb321a74a4b70""]",True
141,1,PAIRWISE_GROUP_SWAP,HBG_00cf0ff0d299,HBG_c98bef700353,validation|train,train|validation,"[0,0,""29454/431585"",""595703791079/278125913460"",""394/2365"",""6de8cc509f3613f416710dc5eefcdd761173e577d0984031abeeb321a74a4b70""]","[0,0,""27404/431585"",""287271018397/139062956730"",""394/2365"",""e6cacaca0acc3ff9e03e279c99b80d0100c82cbfa4efe2675b3d2a42d2db547e""]",True
142,1,PAIRWISE_GROUP_SWAP,HBG_00cf0ff0d299,HBG_cae120c32752,train|validation,validation|train,"[0,0,""27404/431585"",""287271018397/139062956730"",""394/2365"",""e6cacaca0acc3ff9e03e279c99b80d0100c82cbfa4efe2675b3d2a42d2db547e""]","[0,0,""24844/431585"",""563899040999/278125913460"",""394/2365"",""87116c6d4afa71345d2125a45e8a7f0d9d9105255e974417d7ed22606e658b98""]",True
143,1,PAIRWISE_GROUP_SWAP,HBG_00cf0ff0d299,HBG_cbcabca7d0f6,validation|train,train|validation,"[0,0,""24844/431585"",""563899040999/278125913460"",""394/2365"",""87116c6d4afa71345d2125a45e8a7f0d9d9105255e974417d7ed22606e658b98""]","[0,0,""24594/431585"",""563899040999/278125913460"",""394/2365"",""99383265de7bd4e4525d76502febda8dd4c89c359ebb97993e89ef4a010b83b6""]",True
144,1,PAIRWISE_GROUP_SWAP,HBG_00cf0ff0d299,HBG_ccbe0e72f729,train|validation,validation|train,"[0,0,""24594/431585"",""563899040999/278125913460"",""394/2365"",""99383265de7bd4e4525d76502febda8dd4c89c359ebb97993e89ef4a010b83b6""]","[0,0,""22144/431585"",""93009061001/46354318910"",""394/2365"",""1af010eca7521d7c98e8a4a8d42604e5721499c6e7a6200a89525a27c2f686f6""]",True
145,1,PAIRWISE_GROUP_SWAP,HBG_00cf0ff0d299,HBG_ccff8704c15c,validation|test,test|validation,"[0,0,""22144/431585"",""93009061001/46354318910"",""394/2365"",""1af010eca7521d7c98e8a4a8d42604e5721499c6e7a6200a89525a27c2f686f6""]","[0,0,""22144/431585"",""185413500451/92708637820"",""394/2365"",""6572787cd2c3937b975f0572936c9e030160b0bc1417f85d80af2efd696cafc7""]",True
146,1,PAIRWISE_GROUP_SWAP,HBG_00cf0ff0d299,HBG_d911d5ec22e5,test|train,train|test,"[0,0,""22144/431585"",""185413500451/92708637820"",""394/2365"",""6572787cd2c3937b975f0572936c9e030160b0bc1417f85d80af2efd696cafc7""]","[0,0,""2982/61655"",""185413500451/92708637820"",""394/2365"",""93630b261733629669ca47a3cd330fc741a137e482c8b4c6291f7ca3ced2c56e""]",True
147,1,PAIRWISE_GROUP_SWAP,HBG_00cf0ff0d299,HBG_db686f1fc52b,train|test,test|train,"[0,0,""2982/61655"",""185413500451/92708637820"",""394/2365"",""93630b261733629669ca47a3cd330fc741a137e482c8b4c6291f7ca3ced2c56e""]","[0,0,""1674/39235"",""548581961707/278125913460"",""394/2365"",""6393804f66a6e5ef8aa952bfe2479b8d1891a30648a897bd9308ea9332fd6664""]",True
148,1,PAIRWISE_GROUP_SWAP,HBG_00cf0ff0d299,HBG_e84e64aee72a,test|train,train|test,"[0,0,""1674/39235"",""548581961707/278125913460"",""394/2365"",""6393804f66a6e5ef8aa952bfe2479b8d1891a30648a897bd9308ea9332fd6664""]","[0,0,""2562/61655"",""548581961707/278125913460"",""394/2365"",""55e7cd448a88f57aa8793be5917edc132c0005ff84865e7f468d8b599badf125""]",True
149,1,PAIRWISE_GROUP_SWAP,HBG_00cf0ff0d299,HBG_e905688855f1,train|validation,validation|train,"[0,0,""2562/61655"",""548581961707/278125913460"",""394/2365"",""55e7cd448a88f57aa8793be5917edc132c0005ff84865e7f468d8b599badf125""]","[0,0,""15384/431585"",""107950566113/55625182692"",""394/2365"",""ea6ff5aaa46eba638af0c7abadbec692b657f922edfa1d5b3db45e98a9a6a218""]",True
150,1,PAIRWISE_GROUP_SWAP,HBG_00cf0ff0d299,HBG_e96bcb549c87,validation|test,test|validation,"[0,0,""15384/431585"",""107950566113/55625182692"",""394/2365"",""ea6ff5aaa46eba638af0c7abadbec692b657f922edfa1d5b3db45e98a9a6a218""]","[0,0,""15384/431585"",""134484741478/69531478365"",""394/2365"",""ea7e5bdd1de778a0d302524868453f4320b458bc5824df3d8c512c6d3eabb675""]",True
151,1,PAIRWISE_GROUP_SWAP,HBG_00cf0ff0d299,HBG_f4567da904dc,test|validation,validation|test,"[0,0,""15384/431585"",""134484741478/69531478365"",""394/2365"",""ea7e5bdd1de778a0d302524868453f4320b458bc5824df3d8c512c6d3eabb675""]","[0,0,""15384/431585"",""134484741478/69531478365"",""394/2365"",""867e9f247b3a81c8d336ec08bee63ec4462fe2c6a3b1feb7efba7205ec3b866b""]",True
152,1,PAIRWISE_GROUP_SWAP,HBG_00cf0ff0d299,HBG_f4d8dce6e702,validation|test,test|validation,"[0,0,""15384/431585"",""134484741478/69531478365"",""394/2365"",""867e9f247b3a81c8d336ec08bee63ec4462fe2c6a3b1feb7efba7205ec3b866b""]","[0,0,""15384/431585"",""134484741478/69531478365"",""394/2365"",""29d8acd6ea315f068ce77240b6a2ad252ce02ba1817eb6911ccd5a59b7ba6b6d""]",True
153,1,PAIRWISE_GROUP_SWAP,HBG_00cf0ff0d299,HBG_fd4c175e97d0,test|train,train|test,"[0,0,""15384/431585"",""134484741478/69531478365"",""394/2365"",""29d8acd6ea315f068ce77240b6a2ad252ce02ba1817eb6911ccd5a59b7ba6b6d""]","[0,0,""15044/431585"",""134484741478/69531478365"",""394/2365"",""8f6b099e855bf6dd0c428adfad499fe3ac1b97a838866de361e1e09e98b0abf3""]",True
154,1,PAIRWISE_GROUP_SWAP,HBG_01280f0541a1,HBG_03eceaf747d7,train|test,test|train,"[0,0,""15044/431585"",""134484741478/69531478365"",""394/2365"",""8f6b099e855bf6dd0c428adfad499fe3ac1b97a838866de361e1e09e98b0abf3""]","[0,0,""14244/431585"",""43660448226/23177159455"",""394/2365"",""9fc2aed42cae5142ae28b08bbe338f6ce1fd7237984f8668bc5985cb4ed79e6b""]",True
155,1,PAIRWISE_GROUP_SWAP,HBG_01280f0541a1,HBG_0864ba1357c3,test|train,train|test,"[0,0,""14244/431585"",""43660448226/23177159455"",""394/2365"",""9fc2aed42cae5142ae28b08bbe338f6ce1fd7237984f8668bc5985cb4ed79e6b""]","[0,0,""12974/431585"",""527295970117/278125913460"",""394/2365"",""431e6adf4502254b00e7c4a45709a711424afe79d81f17f5118fa5a3695d4d2f""]",True
156,1,PAIRWISE_GROUP_SWAP,HBG_01280f0541a1,HBG_0be7d9e6c975,train|validation,validation|train,"[0,0,""12974/431585"",""527295970117/278125913460"",""394/2365"",""431e6adf4502254b00e7c4a45709a711424afe79d81f17f5118fa5a3695d4d2f""]","[0,0,""12184/431585"",""171094127639/92708637820"",""394/2365"",""abbd08cc0231e60d3aba2b38586d701de2e5b1d2975dcbf8fd020a8f6d4b8056""]",True
157,1,PAIRWISE_GROUP_SWAP,HBG_01280f0541a1,HBG_0e3e9104d4dd,validation|train,train|validation,"[0,0,""12184/431585"",""171094127639/92708637820"",""394/2365"",""abbd08cc0231e60d3aba2b38586d701de2e5b1d2975dcbf8fd020a8f6d4b8056""]","[0,0,""11944/431585"",""512974252837/278125913460"",""394/2365"",""a064a103acb9f59f220a449186fdbf5f9d97e5b2e57a1dfd2c7f253d7b8f24b1""]",True
158,1,PAIRWISE_GROUP_SWAP,HBG_01280f0541a1,HBG_102f0062f0a8,train|validation,validation|train,"[0,0,""11944/431585"",""512974252837/278125913460"",""394/2365"",""a064a103acb9f59f220a449186fdbf5f9d97e5b2e57a1dfd2c7f253d7b8f24b1""]","[0,0,""11034/431585"",""171850785779/92708637820"",""394/2365"",""678430b475bb05ffe41810730d326f222bc94932d40fbc0d155757a92f7346c9""]",True
159,1,PAIRWISE_GROUP_SWAP,HBG_01280f0541a1,HBG_1431584e10f4,validation|test,test|validation,"[0,0,""11034/431585"",""171850785779/92708637820"",""394/2365"",""678430b475bb05ffe41810730d326f222bc94932d40fbc0d155757a92f7346c9""]","[0,0,""11034/431585"",""171850785779/92708637820"",""394/2365"",""251907cd3b8d1c1e95ff5fe1eaca137f94f5182f87f013f9ba36af9d5e9a0fb4""]",True
160,1,PAIRWISE_GROUP_SWAP,HBG_01280f0541a1,HBG_147057346d5e,test|train,train|test,"[0,0,""11034/431585"",""171850785779/92708637820"",""394/2365"",""251907cd3b8d1c1e95ff5fe1eaca137f94f5182f87f013f9ba36af9d5e9a0fb4""]","[0,0,""10954/431585"",""515244227257/278125913460"",""394/2365"",""cf364f8e28a2d528e9abea2555439901dbd93f9e56a06157718dccbd7e9c3bab""]",True
161,1,PAIRWISE_GROUP_SWAP,HBG_01280f0541a1,HBG_15021dd7a4db,train|test,test|train,"[0,0,""10954/431585"",""515244227257/278125913460"",""394/2365"",""cf364f8e28a2d528e9abea2555439901dbd93f9e56a06157718dccbd7e9c3bab""]","[0,0,""10454/431585"",""252107548103/139062956730"",""394/2365"",""851be9b20ec3008eb704adc1cf5cbcd32510c76ec1ea2c8373b6561a6125ac43""]",True
162,1,PAIRWISE_GROUP_SWAP,HBG_01280f0541a1,HBG_189f3a701e2b,test|validation,validation|test,"[0,0,""10454/431585"",""252107548103/139062956730"",""394/2365"",""851be9b20ec3008eb704adc1cf5cbcd32510c76ec1ea2c8373b6561a6125ac43""]","[0,0,""10454/431585"",""252107548103/139062956730"",""394/2365"",""237ee093d91e280a7a957202d9b6aa1281f0191db5d7bdcde84b2ab1b1aad8dd""]",True
163,1,PAIRWISE_GROUP_SWAP,HBG_01280f0541a1,HBG_1900ff27f557,validation|train,train|validation,"[0,0,""10454/431585"",""252107548103/139062956730"",""394/2365"",""237ee093d91e280a7a957202d9b6aa1281f0191db5d7bdcde84b2ab1b1aad8dd""]","[0,0,""7874/431585"",""507585687611/278125913460"",""394/2365"",""33c8b23508b8ad1aef139b3b7c3ef1d69f24eedd4637a06b33ea4c8903ecbac3""]",True
164,1,PAIRWISE_GROUP_SWAP,HBG_01280f0541a1,HBG_1cf6493ae947,train|test,test|train,"[0,0,""7874/431585"",""507585687611/278125913460"",""394/2365"",""33c8b23508b8ad1aef139b3b7c3ef1d69f24eedd4637a06b33ea4c8903ecbac3""]","[0,0,""7174/431585"",""24827827828/13906295673"",""394/2365"",""fe93bf3e1971c3b162bf2b283b4ade50073756b71421125e2806e30038619afc""]",True
165,1,PAIRWISE_GROUP_SWAP,HBG_01280f0541a1,HBG_1dd673709d30,test|validation,validation|test,"[0,0,""7174/431585"",""24827827828/13906295673"",""394/2365"",""fe93bf3e1971c3b162bf2b283b4ade50073756b71421125e2806e30038619afc""]","[0,0,""7174/431585"",""24827827828/13906295673"",""394/2365"",""d2267b1fafe359c77c21d0f5807a22aceebbf22cb3f39ab64336b30e0a92aca3""]",True
166,1,PAIRWISE_GROUP_SWAP,HBG_01280f0541a1,HBG_1e12b659d031,validation|test,test|validation,"[0,0,""7174/431585"",""24827827828/13906295673"",""394/2365"",""d2267b1fafe359c77c21d0f5807a22aceebbf22cb3f39ab64336b30e0a92aca3""]","[0,0,""7174/431585"",""24827827828/13906295673"",""394/2365"",""26fd7086b9f94b1dc2e6a011913c55dbe15a5fe9e4e975d3536ecc619bf5312a""]",True
167,1,PAIRWISE_GROUP_SWAP,HBG_01280f0541a1,HBG_1ef38191eed8,test|train,train|test,"[0,0,""7174/431585"",""24827827828/13906295673"",""394/2365"",""26fd7086b9f94b1dc2e6a011913c55dbe15a5fe9e4e975d3536ecc619bf5312a""]","[0,0,""6584/431585"",""8270807108/4635431891"",""394/2365"",""c5da2554f39b2c1bcac41e44d51a4c6e2521dc43bea46dd6b0c810bf32507463""]",True
168,1,PAIRWISE_GROUP_SWAP,HBG_01280f0541a1,HBG_1fe3b980b48c,train|validation,validation|train,"[0,0,""6584/431585"",""8270807108/4635431891"",""394/2365"",""c5da2554f39b2c1bcac41e44d51a4c6e2521dc43bea46dd6b0c810bf32507463""]","[0,0,""5934/431585"",""161739765143/92708637820"",""394/2365"",""f02eb140649ca1933fd3f7d6b7ddc25345ddf079143dbb14de7eb6720d799636""]",True
169,1,PAIRWISE_GROUP_SWAP,HBG_01280f0541a1,HBG_27a287071d6b,validation|train,train|validation,"[0,0,""5934/431585"",""161739765143/92708637820"",""394/2365"",""f02eb140649ca1933fd3f7d6b7ddc25345ddf079143dbb14de7eb6720d799636""]","[0,0,""5617/431585"",""484911165349/278125913460"",""394/2365"",""856d877dc910593431c0271883318083b4f8f571afd0445072cc53b5d62bb05c""]",True
170,1,PAIRWISE_GROUP_SWAP,HBG_01280f0541a1,HBG_2bc011f9109a,train|test,test|train,"[0,0,""5617/431585"",""484911165349/278125913460"",""394/2365"",""856d877dc910593431c0271883318083b4f8f571afd0445072cc53b5d62bb05c""]","[0,0,""5017/431585"",""236941017149/139062956730"",""394/2365"",""a37d017965321af341f576d8c614efbc4f43490fd6c4a3136c085e7b595a0c9d""]",True
171,1,PAIRWISE_GROUP_SWAP,HBG_01280f0541a1,HBG_30a4d4e01b5c,test|validation,validation|test,"[0,0,""5017/431585"",""236941017149/139062956730"",""394/2365"",""a37d017965321af341f576d8c614efbc4f43490fd6c4a3136c085e7b595a0c9d""]","[0,0,""4784/431585"",""236941017149/139062956730"",""394/2365"",""660f84c2c9c359e187fb1eec7b621c2625c234f2e842bb0736a71a1a34b6e4b9""]",True
172,1,PAIRWISE_GROUP_SWAP,HBG_01280f0541a1,HBG_3939d145d81e,validation|train,train|validation,"[0,0,""4784/431585"",""236941017149/139062956730"",""394/2365"",""660f84c2c9c359e187fb1eec7b621c2625c234f2e842bb0736a71a1a34b6e4b9""]","[0,0,""4777/431585"",""236786952109/139062956730"",""394/2365"",""f9d6c1c04a7cb50438620cc226fe3e5a562b349f4e754b28bac7e88888505210""]",True
173,1,PAIRWISE_GROUP_SWAP,HBG_01280f0541a1,HBG_394cc80eb83b,train|test,test|train,"[0,0,""4777/431585"",""236786952109/139062956730"",""394/2365"",""f9d6c1c04a7cb50438620cc226fe3e5a562b349f4e754b28bac7e88888505210""]","[0,0,""3977/431585"",""229780158509/139062956730"",""394/2365"",""7029de52392fab936ee787b91fd97c074dd1b3f55aa5f392ff9ccce7d9661639""]",True
174,1,PAIRWISE_GROUP_SWAP,HBG_01280f0541a1,HBG_3dcc26eed848,test|validation,validation|test,"[0,0,""3977/431585"",""229780158509/139062956730"",""394/2365"",""7029de52392fab936ee787b91fd97c074dd1b3f55aa5f392ff9ccce7d9661639""]","[0,0,""3634/431585"",""461374181671/278125913460"",""394/2365"",""f1ab99ecee982cb37b008b04a1c0178b5885e85403b927bebe980022367c4861""]",True
175,1,PAIRWISE_GROUP_SWAP,HBG_01280f0541a1,HBG_3e150df43f89,validation|train,train|validation,"[0,0,""3634/431585"",""461374181671/278125913460"",""394/2365"",""f1ab99ecee982cb37b008b04a1c0178b5885e85403b927bebe980022367c4861""]","[0,0,""332/61655"",""465349394627/278125913460"",""394/2365"",""16dd7a73fb5fc736d83d100f7feb3e1ce38af89d70438ab28df65c9fab52823e""]",True
176,1,PAIRWISE_GROUP_SWAP,HBG_01280f0541a1,HBG_51a5cb53dae6,train|test,test|train,"[0,0,""332/61655"",""465349394627/278125913460"",""394/2365"",""16dd7a73fb5fc736d83d100f7feb3e1ce38af89d70438ab28df65c9fab52823e""]","[0,0,""1664/431585"",""113580065894/69531478365"",""394/2365"",""bc26db95912532115b200a8434081f5c2aad07281fab0f2fa6530d77126320c0""]",True
177,1,PAIRWISE_GROUP_SWAP,HBG_01280f0541a1,HBG_5a13d2574219,test|train,train|test,"[0,0,""1664/431585"",""113580065894/69531478365"",""394/2365"",""bc26db95912532115b200a8434081f5c2aad07281fab0f2fa6530d77126320c0""]","[0,0,""1117/431585"",""154579023497/92708637820"",""394/2365"",""00bbfa5bb6dc0094c2eb7e8cff667a1c0effbe6339af5d5c67d0f3e008e19edf""]",True
178,1,PAIRWISE_GROUP_SWAP,HBG_01280f0541a1,HBG_5cfeb9d489e8,train|validation,validation|train,"[0,0,""1117/431585"",""154579023497/92708637820"",""394/2365"",""00bbfa5bb6dc0094c2eb7e8cff667a1c0effbe6339af5d5c67d0f3e008e19edf""]","[0,0,""723/431585"",""449723483291/278125913460"",""394/2365"",""b5eec2ceaebfc2be18d9079690cf78776336e403d8bfb07a49b31905ea8339a1""]",True
179,1,PAIRWISE_GROUP_SWAP,HBG_01280f0541a1,HBG_5d92b31c69fe,validation|train,train|validation,"[0,0,""723/431585"",""449723483291/278125913460"",""394/2365"",""b5eec2ceaebfc2be18d9079690cf78776336e403d8bfb07a49b31905ea8339a1""]","[0,0,""723/431585"",""149805117737/92708637820"",""394/2365"",""35db9baccf2586145f7b5c915cea8be4f84ff65406ea856f36727383e029f4c1""]",True
180,1,PAIRWISE_GROUP_SWAP,HBG_01280f0541a1,HBG_f87bca8aa9da,train|test,test|train,"[0,0,""723/431585"",""149805117737/92708637820"",""394/2365"",""35db9baccf2586145f7b5c915cea8be4f84ff65406ea856f36727383e029f4c1""]","[0,0,""563/431585"",""449723483291/278125913460"",""394/2365"",""380234477e65eb815117acbb14ddb57fb4c4505a441cc521cd2757e7ede47480""]",True
181,1,PAIRWISE_GROUP_SWAP,HBG_01280f0541a1,HBG_f96196c34131,test|train,train|test,"[0,0,""563/431585"",""449723483291/278125913460"",""394/2365"",""380234477e65eb815117acbb14ddb57fb4c4505a441cc521cd2757e7ede47480""]","[0,0,""534/431585"",""147027783097/92708637820"",""394/2365"",""fd9aed4143e291fa22dee35303c3f5213bea3e60b777d5977e59f15d5ee1f289""]",True
182,1,PAIRWISE_GROUP_SWAP,HBG_02844fcf48ab,HBG_21430d79b83e,train|validation,validation|train,"[0,0,""534/431585"",""147027783097/92708637820"",""394/2365"",""fd9aed4143e291fa22dee35303c3f5213bea3e60b777d5977e59f15d5ee1f289""]","[0,0,""41/61655"",""147027783097/92708637820"",""394/2365"",""c2765a792a657b2c990d8a897533382217c74fb93fc833112ad5077799198064""]",True
183,1,PAIRWISE_GROUP_SWAP,HBG_02844fcf48ab,HBG_4434169d63ef,validation|train,train|validation,"[0,0,""41/61655"",""147027783097/92708637820"",""394/2365"",""c2765a792a657b2c990d8a897533382217c74fb93fc833112ad5077799198064""]","[0,0,""41/61655"",""147027783097/92708637820"",""394/2365"",""0d7f7129b9961398f799859ad6635164f50de71221bec730082a4f38dda112ca""]",True
184,1,PAIRWISE_GROUP_SWAP,HBG_02844fcf48ab,HBG_4f8f7d4e5791,train|test,test|train,"[0,0,""41/61655"",""147027783097/92708637820"",""394/2365"",""0d7f7129b9961398f799859ad6635164f50de71221bec730082a4f38dda112ca""]","[0,0,""4/7315"",""147027783097/92708637820"",""394/2365"",""55510fa3499fec17f7603e8bf405c92d18baab7be6f6fa27623d15e922533e4e""]",True
185,1,PAIRWISE_GROUP_SWAP,HBG_02844fcf48ab,HBG_8cd7e4b65ebf,test|validation,validation|test,"[0,0,""4/7315"",""147027783097/92708637820"",""394/2365"",""55510fa3499fec17f7603e8bf405c92d18baab7be6f6fa27623d15e922533e4e""]","[0,0,""4/7315"",""147027783097/92708637820"",""394/2365"",""30e9946fd4a2143ad9ca64771791bd47b19d7a5f8a8d06b1487b0d333d8c943a""]",True
186,1,PAIRWISE_GROUP_SWAP,HBG_02844fcf48ab,HBG_b1928cc08877,validation|train,train|validation,"[0,0,""4/7315"",""147027783097/92708637820"",""394/2365"",""30e9946fd4a2143ad9ca64771791bd47b19d7a5f8a8d06b1487b0d333d8c943a""]","[0,0,""1/3245"",""147027783097/92708637820"",""394/2365"",""893e42d9c1847149e8a6d2dcb474d00dfedf698b2d899892d3344c96daf63e78""]",True
187,1,PAIRWISE_GROUP_SWAP,HBG_02fac5b87e7e,HBG_17ae6d886f10,train|test,test|train,"[0,0,""1/3245"",""147027783097/92708637820"",""394/2365"",""893e42d9c1847149e8a6d2dcb474d00dfedf698b2d899892d3344c96daf63e78""]","[0,0,""113/431585"",""147027783097/92708637820"",""394/2365"",""07a1ade8dbf6581d2645d9eddcb51247d551e400e3b9304ff42b5fe5f25f167a""]",True
188,1,PAIRWISE_GROUP_SWAP,HBG_02fac5b87e7e,HBG_1ce2cbd827ee,test|train,train|test,"[0,0,""113/431585"",""147027783097/92708637820"",""394/2365"",""07a1ade8dbf6581d2645d9eddcb51247d551e400e3b9304ff42b5fe5f25f167a""]","[0,0,""67/431585"",""139476542697/92708637820"",""394/2365"",""8e1241bcf7c28ed8026eab57dd8004dba50f5550e9e25f54b765fe7bb14bdb24""]",True
189,1,PAIRWISE_GROUP_SWAP,HBG_02fac5b87e7e,HBG_2d8dd1b2e7fa,train|test,test|train,"[0,0,""67/431585"",""139476542697/92708637820"",""394/2365"",""8e1241bcf7c28ed8026eab57dd8004dba50f5550e9e25f54b765fe7bb14bdb24""]","[0,0,""67/431585"",""139476542697/92708637820"",""394/2365"",""756f4b0e5f427278fa0f9e417086de75a23eba7239da60315079594bca9e0e21""]",True
190,1,PAIRWISE_GROUP_SWAP,HBG_02fac5b87e7e,HBG_3290516fbb04,test|train,train|test,"[0,0,""67/431585"",""139476542697/92708637820"",""394/2365"",""756f4b0e5f427278fa0f9e417086de75a23eba7239da60315079594bca9e0e21""]","[0,0,""67/431585"",""139476542697/92708637820"",""394/2365"",""476971bb14fc9afd7b0c06d70ebc17e35a16fca705103a598e9b48880c1ac2a7""]",True
191,1,PAIRWISE_GROUP_SWAP,HBG_02fac5b87e7e,HBG_6b0bb3967115,train|test,test|train,"[0,0,""67/431585"",""139476542697/92708637820"",""394/2365"",""476971bb14fc9afd7b0c06d70ebc17e35a16fca705103a598e9b48880c1ac2a7""]","[0,0,""67/431585"",""139476542697/92708637820"",""394/2365"",""40f31aa50af4fb518d45976d638ed8b5e52efae6e89feafe12ba4d4a2c91859b""]",True
192,1,PAIRWISE_GROUP_SWAP,HBG_02fac5b87e7e,HBG_7ce11234596b,test|train,train|test,"[0,0,""67/431585"",""139476542697/92708637820"",""394/2365"",""40f31aa50af4fb518d45976d638ed8b5e52efae6e89feafe12ba4d4a2c91859b""]","[0,0,""67/431585"",""133428685613/92708637820"",""394/2365"",""2625b302064c942c5824843e40524505fb6142f202a1602c7af5d75914e69834""]",True
193,1,PAIRWISE_GROUP_SWAP,HBG_02fac5b87e7e,HBG_aad5191638e1,train|validation,validation|train,"[0,0,""67/431585"",""133428685613/92708637820"",""394/2365"",""2625b302064c942c5824843e40524505fb6142f202a1602c7af5d75914e69834""]","[0,0,""3/39235"",""140979926013/92708637820"",""394/2365"",""39dad66985a3bcfff3d3e42f2c7a9eb17992326300bb3ab93de2ef57189faa2a""]",True
194,1,PAIRWISE_GROUP_SWAP,HBG_02fac5b87e7e,HBG_c57c5cab66af,validation|test,test|validation,"[0,0,""3/39235"",""140979926013/92708637820"",""394/2365"",""39dad66985a3bcfff3d3e42f2c7a9eb17992326300bb3ab93de2ef57189faa2a""]","[0,0,""26/431585"",""140979926013/92708637820"",""394/2365"",""19cb98c3bd34c640ab7f61ebe5251a02367ac382cee1649eaf7ae50dc85c4071""]",True
195,1,PAIRWISE_GROUP_SWAP,HBG_02fac5b87e7e,HBG_c8ca54a9d725,test|train,train|test,"[0,0,""26/431585"",""140979926013/92708637820"",""394/2365"",""19cb98c3bd34c640ab7f61ebe5251a02367ac382cee1649eaf7ae50dc85c4071""]","[0,0,""16/431585"",""140979926013/92708637820"",""394/2365"",""a8db8e12b599649e8c07ac4e4ce2b5f84d46f1523a4728b72e683e8bac62db06""]",True
196,1,PAIRWISE_GROUP_SWAP,HBG_02fac5b87e7e,HBG_d7595041e852,train|test,test|train,"[0,0,""16/431585"",""140979926013/92708637820"",""394/2365"",""a8db8e12b599649e8c07ac4e4ce2b5f84d46f1523a4728b72e683e8bac62db06""]","[0,0,""16/431585"",""140979926013/92708637820"",""394/2365"",""4c39d3590a3bb9a0b5487631c7fc6793130b15dead03c36c940caf5fd1ac2d30""]",True
197,1,PAIRWISE_GROUP_SWAP,HBG_02fac5b87e7e,HBG_eb45a6a5bba1,test|train,train|test,"[0,0,""16/431585"",""140979926013/92708637820"",""394/2365"",""4c39d3590a3bb9a0b5487631c7fc6793130b15dead03c36c940caf5fd1ac2d30""]","[0,0,""1/61655"",""138439963333/92708637820"",""394/2365"",""2605626cef58a8ebe83bda0529a94a0f3264c28254031ea3c0381e6a80d80c0f""]",True
198,1,PAIRWISE_GROUP_SWAP,HBG_03eceaf747d7,HBG_78a0d2ccac9b,train|test,test|train,"[0,0,""1/61655"",""138439963333/92708637820"",""394/2365"",""2605626cef58a8ebe83bda0529a94a0f3264c28254031ea3c0381e6a80d80c0f""]","[0,0,""6/431585"",""138439963333/92708637820"",""394/2365"",""b761e16cb5c2b91c90f7448fac8fdfa06cf37f02c840aa7a417962c7f68c7eec""]",True
199,1,PAIRWISE_GROUP_SWAP,HBG_03eceaf747d7,HBG_87b102e549a1,test|train,train|test,"[0,0,""6/431585"",""138439963333/92708637820"",""394/2365"",""b761e16cb5c2b91c90f7448fac8fdfa06cf37f02c840aa7a417962c7f68c7eec""]","[0,0,""6/431585"",""138439963333/92708637820"",""394/2365"",""3372f32e14cf8552449f708ba56743c25d4a84a869d757da1b96c3f5da232143""]",True
200,1,PAIRWISE_GROUP_SWAP,HBG_045a2b72d60d,HBG_1e12b659d031,train|validation,validation|train,"[0,0,""6/431585"",""138439963333/92708637820"",""394/2365"",""3372f32e14cf8552449f708ba56743c25d4a84a869d757da1b96c3f5da232143""]","[0,0,""6/431585"",""138439963333/92708637820"",""394/2365"",""2dda3259a9b84e4707029ecd66f841a921401db9ece56b0175f680751d4e26ae""]",True
201,1,PAIRWISE_GROUP_SWAP,HBG_0620410523cb,HBG_eb45a6a5bba1,train|test,test|train,"[0,0,""6/431585"",""138439963333/92708637820"",""394/2365"",""2dda3259a9b84e4707029ecd66f841a921401db9ece56b0175f680751d4e26ae""]","[0,0,""6/431585"",""138439963333/92708637820"",""394/2365"",""212a72768b47d5184ee1812891ba28fbfe05bb0a21f9ca5f472b6d487c6fbd4e""]",True
202,1,PAIRWISE_GROUP_SWAP,HBG_0d485f163e75,HBG_a401f7ece236,train|validation,validation|train,"[0,0,""6/431585"",""138439963333/92708637820"",""394/2365"",""212a72768b47d5184ee1812891ba28fbfe05bb0a21f9ca5f472b6d487c6fbd4e""]","[0,0,""6/431585"",""138439963333/92708637820"",""394/2365"",""0c02e8a14f41fbc4748ffd2b390414c18dc664e594e802f76ed20210502236aa""]",True
203,1,PAIRWISE_GROUP_SWAP,HBG_1ce2cbd827ee,HBG_aad5191638e1,test|train,train|test,"[0,0,""6/431585"",""138439963333/92708637820"",""394/2365"",""0c02e8a14f41fbc4748ffd2b390414c18dc664e594e802f76ed20210502236aa""]","[0,0,""6/431585"",""138439963333/92708637820"",""394/2365"",""023d2e935bf8c2a3cc82cada5823fb28826195c1ab5af6eb2dca030bf716e43b""]",True
204,1,PAIRWISE_GROUP_SWAP,HBG_51a5cb53dae6,HBG_8893f7734445,train|test,test|train,"[0,0,""6/431585"",""138439963333/92708637820"",""394/2365"",""023d2e935bf8c2a3cc82cada5823fb28826195c1ab5af6eb2dca030bf716e43b""]","[0,0,""6/431585"",""138439963333/92708637820"",""394/2365"",""005c7a41d6775ba6e55d2cc523acc042bdc75f7cdea4a50efd6f00d7f8a65d0f""]",True
