target_id,node_index,candidate_order
AAGAB,1577,0
AATF,1578,1
ABAT,1579,2
ABCA1,1580,3
ABCB1,1581,4
ABCB11,1582,5
ABCB4,1583,6
ABCB6,1584,7
ABCC1,1585,8
ABCC2,1586,9
ABCC3,1587,10
ABCC4,1588,11
ABCC5,1589,12
ABCF3,1590,13
ABCG1,1591,14
ABCG2,1592,15
ABCG5,1593,16
ABCG8,1594,17
ABHD12,1595,18
ABHD15,1596,19
ABHD6,1597,20
ABL1,1598,21
ABL2,1599,22
ACACA,1600,23
ACAD10,1601,24
ACADM,1602,25
ACAN,1603,26
ACAT1,1604,27
ACE,1605,28
ACE2,1606,29
ACHE,1607,30
ACLY,1608,31
ACOX1,1609,32
ACP1,1610,33
ACP5,1611,34
ACTA2,1612,35
ACVR1,1613,36
ADA,1614,37
ADAM10,1615,38
ADAM17,1616,39
ADAM9,1617,40
ADAMTS4,1618,41
ADAMTS5,1619,42
ADCY8,1620,43
ADCYAP1,1621,44
ADH1C,1622,45
ADH4,1623,46
ADH5,1624,47
ADIPOQ,1625,48
ADIPOR1,1626,49
ADIPOR2,1627,50
ADK,1628,51
ADM,1629,52
ADORA1,1630,53
ADORA2A,1631,54
ADORA2B,1632,55
ADORA3,1633,56
ADRA1A,1634,57
ADRA1B,1635,58
ADRA1D,1636,59
ADRA2A,1637,60
ADRA2B,1638,61
ADRA2C,1639,62
ADRB1,1640,63
ADRB2,1641,64
ADRB3,1642,65
AFP,1643,66
AGER,1644,67
AGL,1645,68
AGRN,1646,69
AGRP,1647,70
AGT,1648,71
AGTR1,1649,72
AGTR2,1650,73
AGTRAP,1651,74
AHCY,1652,75
AHCYL1,1653,76
AHR,1654,77
AHSG,1655,78
AIFM1,1656,79
AKAP12,1657,80
AKR1A1,1658,81
AKR1B1,1659,82
AKR1B10,1660,83
AKR1C1,1661,84
AKR1C2,1662,85
AKR1C3,1663,86
AKR1C4,1664,87
AKT1,1665,88
AKT2,1666,89
ALAS1,1667,90
ALB,1668,91
ALDH1A1,1669,92
ALDH1A2,1670,93
ALDH1A3,1671,94
ALDH1B1,1672,95
ALDH2,1673,96
ALDH3A1,1674,97
ALDH5A1,1675,98
ALDH7A1,1676,99
ALDOB,1677,100
ALK,1678,101
ALKBH1,1679,102
ALKBH2,1680,103
ALKBH3,1681,104
ALKBH5,1682,105
ALOX12,1683,106
ALOX15,1684,107
ALOX15B,1685,108
ALOX5,1686,109
ALOX5AP,1687,110
ALPG,1688,111
ALPI,1689,112
ALPL,1690,113
AMER1,1691,114
AMH,1692,115
AMY1A,1693,116
AMY2A,1694,117
ANGPT1,1695,118
ANGPT2,1696,119
ANGPTL4,1697,120
ANO1,1698,121
ANPEP,1699,122
ANXA1,1700,123
AOX1,1701,124
APAF1,1702,125
APC,1703,126
APEX1,1704,127
APLN,1705,128
APOA1,1706,129
APOA4,1707,130
APOA5,1708,131
APOB,1709,132
APOBEC3A,1710,133
APOBEC3B,1711,134
APOBEC3G,1712,135
APOD,1713,136
APOE,1714,137
APOF,1715,138
APOM,1716,139
APP,1717,140
AQP1,1718,141
AQP2,1719,142
AQP3,1720,143
AQP4,1721,144
AQP5,1722,145
AQP7,1723,146
AQP8,1724,147
AQP9,1725,148
AR,1726,149
ARC,1727,150
ARF1,1728,151
ARG1,1729,152
ARG2,1730,153
ARRB1,1731,154
ASCL1,1732,155
ASGR1,1733,156
ASIC3,1734,157
ASPH,1735,158
ATAD2,1736,159
ATF2,1737,160
ATF3,1738,161
ATF4,1739,162
ATF6,1740,163
ATG12,1741,164
ATG4B,1742,165
ATG5,1743,166
ATG7,1744,167
ATIC,1745,168
ATM,1746,169
ATP1A1,1747,170
ATP2A1,1748,171
ATP2A2,1749,172
ATP2A3,1750,173
ATP4A,1751,174
ATP5F1B,1752,175
ATP6AP2,1753,176
ATP7A,1754,177
ATR,1755,178
AURKA,1756,179
AURKB,1757,180
AVP,1758,181
AVPR1A,1759,182
AVPR1B,1760,183
AVPR2,1761,184
AXIN1,1762,185
AXIN2,1763,186
AXL,1764,187
AZIN2,1765,188
B2M,1766,189
BACE1,1767,190
BACH1,1768,191
BAD,1769,192
BAK1,1770,193
BAP1,1771,194
BARD1,1772,195
BAX,1773,196
BBC3,1774,197
BBOX1,1775,198
BCHE,1776,199
BCL11A,1777,200
BCL2,1778,201
BCL2A1,1779,202
BCL2L1,1780,203
BCL2L10,1781,204
BCL2L11,1782,205
BCL2L12,1783,206
BCL2L2,1784,207
BDKRB2,1785,208
BDNF,1786,209
BECN1,1787,210
BGLAP,1788,211
BHLHE40,1789,212
BHMT,1790,213
BID,1791,214
BIK,1792,215
BIRC2,1793,216
BIRC3,1794,217
BIRC5,1795,218
BIRC7,1796,219
BLK,1797,220
BMAL1,1798,221
BMF,1799,222
BMI1,1800,223
BMP2,1801,224
BMP4,1802,225
BMP5,1803,226
BMPR2,1804,227
BMX,1805,228
BNIP3,1806,229
BOK,1807,230
BRAF,1808,231
BRCA1,1809,232
BRCA2,1810,233
BRD4,1811,234
BRF1,1812,235
BRSK1,1813,236
BSG,1814,237
BTK,1815,238
BTN3A1,1816,239
BTRC,1817,240
BUB1,1818,241
C3,1819,242
C5,1820,243
C5AR1,1821,244
CA1,1822,245
CA12,1823,246
CA13,1824,247
CA14,1825,248
CA2,1826,249
CA3,1827,250
CA4,1828,251
CA5A,1829,252
CA5B,1830,253
CA6,1831,254
CA7,1832,255
CA9,1833,256
CACNA1C,1834,257
CACNA1D,1835,258
CACNA1G,1836,259
CACNA1H,1837,260
CACNA1I,1838,261
CACNA1S,1839,262
CACNA2D1,1840,263
CACUL1,1841,264
CALB2,1842,265
CALCA,1843,266
CALCR,1844,267
CALM1,1845,268
CALR,1846,269
CAMK2A,1847,270
CAMK2B,1848,271
CAMK2D,1849,272
CAMK2G,1850,273
CAMK4,1851,274
CAMKK2,1852,275
CAMP,1853,276
CAPN1,1854,277
CARM1,1855,278
CARTPT,1856,279
CASP1,1857,280
CASP10,1858,281
CASP12,1859,282
CASP14,1860,283
CASP2,1861,284
CASP3,1862,285
CASP6,1863,286
CASP7,1864,287
CASP8,1865,288
CASP9,1866,289
CASR,1867,290
CAT,1868,291
CATSPER1,1869,292
CAV1,1870,293
CAV3,1871,294
CBR1,1872,295
CBS,1873,296
CCK,1874,297
CCKAR,1875,298
CCKBR,1876,299
CCL11,1877,300
CCL16,1878,301
CCL2,1879,302
CCL22,1880,303
CCL24,1881,304
CCL26,1882,305
CCL3,1883,306
CCL4,1884,307
CCL5,1885,308
CCN1,1886,309
CCN2,1887,310
CCN5,1888,311
CCNA2,1889,312
CCNB1,1890,313
CCND1,1891,314
CCND2,1892,315
CCND3,1893,316
CCNE1,1894,317
CCNE2,1895,318
CCNG1,1896,319
CCR1,1897,320
CCR2,1898,321
CCR3,1899,322
CCR4,1900,323
CCR5,1901,324
CCR6,1902,325
CCR7,1903,326
CD14,1904,327
CD19,1905,328
CD1A,1906,329
CD1D,1907,330
CD200,1908,331
CD209,1909,332
CD24,1910,333
CD274,1911,334
CD276,1912,335
CD28,1913,336
CD33,1914,337
CD34,1915,338
CD36,1916,339
CD38,1917,340
CD4,1918,341
CD40,1919,342
CD40LG,1920,343
CD44,1921,344
CD46,1922,345
CD55,1923,346
CD69,1924,347
CD80,1925,348
CD81,1926,349
CD83,1927,350
CD86,1928,351
CD9,1929,352
CDA,1930,353
CDC20,1931,354
CDC25A,1932,355
CDC25B,1933,356
CDC25C,1934,357
CDC37,1935,358
CDC42,1936,359
CDC42BPA,1937,360
CDC45,1938,361
CDC7,1939,362
CDH1,1940,363
CDH11,1941,364
CDH2,1942,365
CDH5,1943,366
CDH6,1944,367
CDK1,1945,368
CDK2,1946,369
CDK4,1947,370
CDK5,1948,371
CDK6,1949,372
CDK7,1950,373
CDK8,1951,374
CDK9,1952,375
CDKN1A,1953,376
CDKN1B,1954,377
CDKN2A,1955,378
CDKN2B,1956,379
CDKN2C,1957,380
CDR1,1958,381
CDT1,1959,382
CDX2,1960,383
CEBPA,1961,384
CEBPB,1962,385
CEBPD,1963,386
CEBPE,1964,387
CELF1,1965,388
CENPE,1966,389
CERS6,1967,390
CES1,1968,391
CES2,1969,392
CETP,1970,393
CFL1,1971,394
CFLAR,1972,395
CFTR,1973,396
CGAS,1974,397
CHAT,1975,398
CHEK2,1976,399
CHGA,1977,400
CHGB,1978,401
CHRM1,1979,402
CHRM2,1980,403
CHRM3,1981,404
CHRM4,1982,405
CHRM5,1983,406
CHRNA1,1984,407
CHRNA3,1985,408
CHRNA4,1986,409
CHRNA5,1987,410
CHRNA6,1988,411
CHRNA7,1989,412
CHRNA9,1990,413
CHRNE,1991,414
CHST10,1992,415
CHUK,1993,416
CIDEB,1994,417
CIP2A,1995,418
CISD1,1996,419
CISD2,1997,420
CIT,1998,421
CKB,1999,422
CLCN3,2000,423
CLDN1,2001,424
CLDN11,2002,425
CLDN2,2003,426
CLDN3,2004,427
CLDN4,2005,428
CLDN5,2006,429
CLEC1B,2007,430
CLEC2A,2008,431
CLEC2B,2009,432
CLEC7A,2010,433
CLIC1,2011,434
CLIP1,2012,435
CLK1,2013,436
CLK2,2014,437
CLK3,2015,438
CLK4,2016,439
CLPB,2017,440
CLU,2018,441
CMA1,2019,442
CMAHP,2020,443
CNGA3,2021,444
CNP,2022,445
CNR1,2023,446
CNR2,2024,447
CNTF,2025,448
COG2,2026,449
COL10A1,2027,450
COL18A1,2028,451
COL1A1,2029,452
COL1A2,2030,453
COL2A1,2031,454
COL3A1,2032,455
COL4A4,2033,456
COL7A1,2034,457
COL9A1,2035,458
COMT,2036,459
COPS5,2037,460
CORT,2038,461
COX8A,2039,462
CPD,2040,463
CPM,2041,464
CPT1A,2042,465
CPT1B,2043,466
CRBN,2044,467
CRCP,2045,468
CREB1,2046,469
CREB3L3,2047,470
CREBBP,2048,471
CREM,2049,472
CRH,2050,473
CRHBP,2051,474
CRHR1,2052,475
CRHR2,2053,476
CRISP2,2054,477
CRISPLD2,2055,478
CRK,2056,479
CRMP1,2057,480
CRP,2058,481
CRTC1,2059,482
CRTC2,2060,483
CRYAB,2061,484
CRYBA1,2062,485
CRYZ,2063,486
CS,2064,487
CSF1,2065,488
CSF2,2066,489
CSF3R,2067,490
CSN2,2068,491
CSNK1D,2069,492
CSNK1E,2070,493
CSNK2A1,2071,494
CSNK2A2,2072,495
CSRP1,2073,496
CSTB,2074,497
CTBP2,2075,498
CTDSP1,2076,499
CTLA4,2077,500
CTNNB1,2078,501
CTRB1,2079,502
CTRC,2080,503
CTSB,2081,504
CTSC,2082,505
CTSD,2083,506
CTSG,2084,507
CTSK,2085,508
CTSL,2086,509
CTSS,2087,510
CX3CL1,2088,511
CX3CR1,2089,512
CXADR,2090,513
CXCL1,2091,514
CXCL10,2092,515
CXCL12,2093,516
CXCL13,2094,517
CXCL14,2095,518
CXCL16,2096,519
CXCL2,2097,520
CXCL8,2098,521
CXCR1,2099,522
CXCR4,2100,523
CXCR5,2101,524
CYBA,2102,525
CYBB,2103,526
CYCS,2104,527
CYP11A1,2105,528
CYP11B2,2106,529
CYP17A1,2107,530
CYP19A1,2108,531
CYP1A1,2109,532
CYP1A2,2110,533
CYP1B1,2111,534
CYP21A2,2112,535
CYP24A1,2113,536
CYP26A1,2114,537
CYP27A1,2115,538
CYP27B1,2116,539
CYP2A13,2117,540
CYP2A6,2118,541
CYP2B6,2119,542
CYP2C19,2120,543
CYP2C8,2121,544
CYP2C9,2122,545
CYP2D6,2123,546
CYP2E1,2124,547
CYP2J2,2125,548
CYP3A4,2126,549
CYP3A5,2127,550
CYP3A7,2128,551
CYP46A1,2129,552
CYP4B1,2130,553
CYP4F3,2131,554
CYP51A1,2132,555
CYP7A1,2133,556
CYP8B1,2134,557
CYSLTR1,2135,558
CYSLTR2,2136,559
DAG1,2137,560
DAGLA,2138,561
DAO,2139,562
DAPK1,2140,563
DAPK2,2141,564
DAPK3,2142,565
DAXX,2143,566
DBH,2144,567
DBI,2145,568
DBP,2146,569
DCK,2147,570
DCLK3,2148,571
DCT,2149,572
DCTPP1,2150,573
DDAH1,2151,574
DDC,2152,575
DDIT3,2153,576
DDIT4,2154,577
DDIT4L,2155,578
DDX5,2156,579
DECR1,2157,580
DEPTOR,2158,581
DFFA,2159,582
DFFB,2160,583
DGAT1,2161,584
DHCR24,2162,585
DHCR7,2163,586
DHFR,2164,587
DHODH,2165,588
DIABLO,2166,589
DIO1,2167,590
DKK1,2168,591
DLAT,2169,592
DLC1,2170,593
DLG4,2171,594
DLK1,2172,595
DMP1,2173,596
DMPK,2174,597
DNAH8,2175,598
DNAJB4,2176,599
DNAJC5,2177,600
DNER,2178,601
DNMT1,2179,602
DNMT3A,2180,603
DNMT3B,2181,604
DNPEP,2182,605
DNPH1,2183,606
DNTT,2184,607
DOT1L,2185,608
DPP4,2186,609
DPYD,2187,610
DPYSL2,2188,611
DRD1,2189,612
DRD2,2190,613
DRD3,2191,614
DRD4,2192,615
DRD5,2193,616
DSPP,2194,617
DUOX2,2195,618
DUSP1,2196,619
DUSP3,2197,620
DYNC1LI1,2198,621
DYRK1A,2199,622
DYRK1B,2200,623
DYRK2,2201,624
DYRK3,2202,625
DYRK4,2203,626
DYSF,2204,627
E2F1,2205,628
E2F2,2206,629
ECE1,2207,630
ECI1,2208,631
ECM1,2209,632
EDN1,2210,633
EDN2,2211,634
EDN3,2212,635
EDNRA,2213,636
EDNRB,2214,637
EED,2215,638
EEF2,2216,639
EFNB2,2217,640
EGF,2218,641
EGFR,2219,642
EGLN1,2220,643
EGLN3,2221,644
EGR1,2222,645
EGR2,2223,646
EHHADH,2224,647
EHMT1,2225,648
EHMT2,2226,649
EIF2AK2,2227,650
EIF2AK3,2228,651
EIF2S1,2229,652
EIF4A1,2230,653
EIF4B,2231,654
EIF4E,2232,655
EIF4EBP1,2233,656
EIF5B,2234,657
EIF6,2235,658
ELANE,2236,659
ELAVL1,2237,660
ELAVL3,2238,661
ELAVL4,2239,662
ELK1,2240,663
EMP2,2241,664
ENDOG,2242,665
ENG,2243,666
ENO2,2244,667
ENOX2,2245,668
ENPEP,2246,669
ENPP1,2247,670
ENPP2,2248,671
ENPP7,2249,672
EP300,2250,673
EPHA1,2251,674
EPHA2,2252,675
EPHA3,2253,676
EPHA4,2254,677
EPHA5,2255,678
EPHA6,2256,679
EPHA8,2257,680
EPHB1,2258,681
EPHB4,2259,682
EPHB6,2260,683
EPHX1,2261,684
EPHX2,2262,685
EPO,2263,686
EPOR,2264,687
ERAP1,2265,688
ERBB2,2266,689
ERBB3,2267,690
ERBB4,2268,691
ERCC1,2269,692
ERG,2270,693
ERN1,2271,694
ERN2,2272,695
ERRFI1,2273,696
ESM1,2274,697
ESR1,2275,698
ESR2,2276,699
ESRRA,2277,700
ESRRB,2278,701
ESRRG,2279,702
ETF1,2280,703
ETS1,2281,704
EYA3,2282,705
EZH1,2283,706
EZH2,2284,707
EZR,2285,708
F11R,2286,709
F12,2287,710
F13A1,2288,711
F2,2289,712
F2R,2290,713
F2RL1,2291,714
F3,2292,715
FAAH,2293,716
FABP1,2294,717
FABP2,2295,718
FABP3,2296,719
FABP4,2297,720
FABP5,2298,721
FABP6,2299,722
FABP7,2300,723
FAH,2301,724
FANCD2,2302,725
FAS,2303,726
FASLG,2304,727
FASN,2305,728
FBLN1,2306,729
FBLN2,2307,730
FBP1,2308,731
FBXO32,2309,732
FBXW7,2310,733
FCAMR,2311,734
FCER1A,2312,735
FCER2,2313,736
FCGR1A,2314,737
FDPS,2315,738
FECH,2316,739
FEN1,2317,740
FFAR1,2318,741
FFAR3,2319,742
FFAR4,2320,743
FGB,2321,744
FGF1,2322,745
FGF10,2323,746
FGF19,2324,747
FGF2,2325,748
FGF21,2326,749
FGF23,2327,750
FGF7,2328,751
FGFR1,2329,752
FGFR2,2330,753
FGFR4,2331,754
FGR,2332,755
FH,2333,756
FKBP14,2334,757
FKBP1A,2335,758
FKBP4,2336,759
FKBP5,2337,760
FLG,2338,761
FLT1,2339,762
FLT3,2340,763
FLT4,2341,764
FN1,2342,765
FNDC5,2343,766
FOLH1,2344,767
FOLR2,2345,768
FOS,2346,769
FOSB,2347,770
FOSL1,2348,771
FOSL2,2349,772
FOXD3,2350,773
FOXM1,2351,774
FOXO1,2352,775
FOXO3,2353,776
FOXP3,2354,777
FPR3,2355,778
FRK,2356,779
FSCN1,2357,780
FSHB,2358,781
FSHR,2359,782
FTH1,2360,783
FTO,2361,784
FUCA1,2362,785
FUNDC1,2363,786
FURIN,2364,787
FUS,2365,788
FUT4,2366,789
FUT5,2367,790
FUT7,2368,791
FUT9,2369,792
FXN,2370,793
FXR1,2371,794
FXYD2,2372,795
FYN,2373,796
FZD1,2374,797
FZD7,2375,798
FZD8,2376,799
G3BP1,2377,800
G6PC1,2378,801
G6PD,2379,802
GAA,2380,803
GABARAP,2381,804
GABBR1,2382,805
GABRA1,2383,806
GABRA2,2384,807
GABRA3,2385,808
GABRA4,2386,809
GABRA5,2387,810
GABRB2,2388,811
GABRB3,2389,812
GABRG1,2390,813
GABRG2,2391,814
GABRR1,2392,815
GABRR3,2393,816
GAD1,2394,817
GAD2,2395,818
GADD45A,2396,819
GADD45B,2397,820
GAK,2398,821
GALE,2399,822
GALNT2,2400,823
GAMT,2401,824
GANAB,2402,825
GAP43,2403,826
GAPDH,2404,827
GAST,2405,828
GATA1,2406,829
GATA2,2407,830
GATA3,2408,831
GBA1,2409,832
GBA2,2410,833
GBA3,2411,834
GBF1,2412,835
GC,2413,836
GCG,2414,837
GCK,2415,838
GCLC,2416,839
GCM1,2417,840
GDA,2418,841
GDE1,2419,842
GDF15,2420,843
GDF2,2421,844
GDNF,2422,845
GFAP,2423,846
GFER,2424,847
GGT1,2425,848
GGT5,2426,849
GH1,2427,850
GHR,2428,851
GHRL,2429,852
GHSR,2430,853
GJA1,2431,854
GJB1,2432,855
GJD4,2433,856
GK,2434,857
GLA,2435,858
GLB1,2436,859
GLI1,2437,860
GLI2,2438,861
GLIPR2,2439,862
GLO1,2440,863
GLP1R,2441,864
GLRA1,2442,865
GLRA2,2443,866
GLS,2444,867
GLUD1,2445,868
GLUL,2446,869
GMPPB,2447,870
GNA12,2448,871
GNAI1,2449,872
GNB3,2450,873
GNMT,2451,874
GNRH1,2452,875
GNRH2,2453,876
GNRHR,2454,877
GOT1,2455,878
GP6,2456,879
GPBAR1,2457,880
GPCPD1,2458,881
GPD1,2459,882
GPD2,2460,883
GPER1,2461,884
GPI,2462,885
GPR119,2463,886
GPR137,2464,887
GPR18,2465,888
GPR183,2466,889
GPR3,2467,890
GPR35,2468,891
GPR55,2469,892
GPR65,2470,893
GPR84,2471,894
GPT,2472,895
GPX1,2473,896
GPX5,2474,897
GRIA1,2475,898
GRIA4,2476,899
GRIN1,2477,900
GRIN2A,2478,901
GRIN2B,2479,902
GRIN2C,2480,903
GRIN2D,2481,904
GRK2,2482,905
GRK4,2483,906
GRK5,2484,907
GRK6,2485,908
GRM1,2486,909
GRM5,2487,910
GSK3B,2488,911
GSN,2489,912
GSR,2490,913
GSS,2491,914
GSTA1,2492,915
GSTA2,2493,916
GSTK1,2494,917
GSTM1,2495,918
GSTM2,2496,919
GSTM5,2497,920
GSTO1,2498,921
GSTP1,2499,922
GUCA2A,2500,923
GUCY1B1,2501,924
GUCY2D,2502,925
GUSB,2503,926
GYPA,2504,927
GYPB,2505,928
GZMB,2506,929
H1-0,2507,930
H2AX,2508,931
H6PD,2509,932
HADHB,2510,933
HAMP,2511,934
HASPIN,2512,935
HAT1,2513,936
HAVCR1,2514,937
HBB,2515,938
HCAR1,2516,939
HCAR2,2517,940
HCAR3,2518,941
HCK,2519,942
HCN4,2520,943
HCRT,2521,944
HDAC1,2522,945
HDAC11,2523,946
HDAC2,2524,947
HDAC3,2525,948
HDAC4,2526,949
HDAC6,2527,950
HDAC8,2528,951
HDAC9,2529,952
HDC,2530,953
HDGF,2531,954
HES3,2532,955
HEXA,2533,956
HEXB,2534,957
HFM1,2535,958
HGF,2536,959
HIF1A,2537,960
HIF1AN,2538,961
HINT1,2539,962
HIPK4,2540,963
HK1,2541,964
HK2,2542,965
HKDC1,2543,966
HLA-G,2544,967
HLF,2545,968
HMGB1,2546,969
HMGB3,2547,970
HMGCR,2548,971
HMGN1,2549,972
HMGN3,2550,973
HMGN5,2551,974
HMOX1,2552,975
HNF1A,2553,976
HNF4A,2554,977
HNMT,2555,978
HNRNPA1,2556,979
HNRNPA2B1,2557,980
HOXA1,2558,981
HOXA11,2559,982
HOXB13,2560,983
HOXC13,2561,984
HOXD1,2562,985
HP,2563,986
HPCA,2564,987
HPD,2565,988
HPGDS,2566,989
HPRT1,2567,990
HPSE,2568,991
HRAS,2569,992
HRH1,2570,993
HRH2,2571,994
HRH3,2572,995
HRH4,2573,996
HSD11B1,2574,997
HSD11B2,2575,998
HSD17B1,2576,999
HSD17B2,2577,1000
HSD17B3,2578,1001
HSD17B7,2579,1002
HSD3B1,2580,1003
HSD3B2,2581,1004
HSF1,2582,1005
HSP90AA1,2583,1006
HSP90AB1,2584,1007
HSP90B1,2585,1008
HSP90B2P,2586,1009
HSPA1A,2587,1010
HSPA4,2588,1011
HSPA5,2589,1012
HSPA8,2590,1013
HSPB1,2591,1014
HSPD1,2592,1015
HTR1A,2593,1016
HTR1B,2594,1017
HTR1D,2595,1018
HTR1E,2596,1019
HTR1F,2597,1020
HTR2A,2598,1021
HTR2B,2599,1022
HTR2C,2600,1023
HTR3A,2601,1024
HTR4,2602,1025
HTR5A,2603,1026
HTR6,2604,1027
HTR7,2605,1028
HVCN1,2606,1029
IAPP,2607,1030
IARS1,2608,1031
ICAM1,2609,1032
ICMT,2610,1033
ID1,2611,1034
IDE,2612,1035
IDH1,2613,1036
IDO1,2614,1037
IDO2,2615,1038
IER3,2616,1039
IER5,2617,1040
IFI27,2618,1041
IFIH1,2619,1042
IFNB1,2620,1043
IFNG,2621,1044
IGBP1,2622,1045
IGF1,2623,1046
IGF1R,2624,1047
IGF2,2625,1048
IGF2BP1,2626,1049
IGFBP1,2627,1050
IGFBP2,2628,1051
IGFBP3,2629,1052
IGFBP5,2630,1053
IGHE,2631,1054
IKBKB,2632,1055
IKBKG,2633,1056
IKZF1,2634,1057
IL10,2635,1058
IL11,2636,1059
IL12B,2637,1060
IL13,2638,1061
IL13RA2,2639,1062
IL16,2640,1063
IL17A,2641,1064
IL17B,2642,1065
IL18,2643,1066
IL1A,2644,1067
IL1B,2645,1068
IL2,2646,1069
IL21,2647,1070
IL22,2648,1071
IL2RA,2649,1072
IL33,2650,1073
IL4,2651,1074
IL5,2652,1075
IL6,2653,1076
IL6R,2654,1077
IL7R,2655,1078
ILK,2656,1079
IMPA1,2657,1080
IMPDH1,2658,1081
IMPDH2,2659,1082
ING4,2660,1083
INHA,2661,1084
INMT,2662,1085
INPPL1,2663,1086
INS,2664,1087
INSR,2665,1088
IP6K2,2666,1089
IPMK,2667,1090
IQGAP2,2668,1091
IRAK1,2669,1092
IRAK3,2670,1093
IRAK4,2671,1094
IREB2,2672,1095
IRF1,2673,1096
IRF3,2674,1097
IRF9,2675,1098
IRS1,2676,1099
ISG20,2677,1100
ISYNA1,2678,1101
ITGA2,2679,1102
ITGA3,2680,1103
ITGA4,2681,1104
ITGA5,2682,1105
ITGAL,2683,1106
ITGAM,2684,1107
ITGAV,2685,1108
ITGB1,2686,1109
ITGB2,2687,1110
ITGB3,2688,1111
ITIH4,2689,1112
ITK,2690,1113
ITPR1,2691,1114
IVL,2692,1115
JAG1,2693,1116
JAK1,2694,1117
JAK2,2695,1118
JAK3,2696,1119
JMJD6,2697,1120
JUN,2698,1121
JUNB,2699,1122
JUND,2700,1123
KAT2A,2701,1124
KAT2B,2702,1125
KAT5,2703,1126
KAT8,2704,1127
KCNA1,2705,1128
KCNA2,2706,1129
KCNA3,2707,1130
KCNA5,2708,1131
KCND3,2709,1132
KCNH1,2710,1133
KCNH2,2711,1134
KCNJ11,2712,1135
KCNJ2,2713,1136
KCNK10,2714,1137
KCNK18,2715,1138
KCNK2,2716,1139
KCNK3,2717,1140
KCNK9,2718,1141
KCNMA1,2719,1142
KCNMB1,2720,1143
KCNN2,2721,1144
KCNN3,2722,1145
KCNN4,2723,1146
KCNQ3,2724,1147
KDM1A,2725,1148
KDM2A,2726,1149
KDM3A,2727,1150
KDM4A,2728,1151
KDM4B,2729,1152
KDM4C,2730,1153
KDM4E,2731,1154
KDM5A,2732,1155
KDM5B,2733,1156
KDM6B,2734,1157
KDM7A,2735,1158
KDR,2736,1159
KEAP1,2737,1160
KHK,2738,1161
KIF11,2739,1162
KIF20A,2740,1163
KISS1,2741,1164
KIT,2742,1165
KITLG,2743,1166
KL,2744,1167
KLF1,2745,1168
KLF11,2746,1169
KLF15,2747,1170
KLF2,2748,1171
KLF4,2749,1172
KLF5,2750,1173
KLF7,2751,1174
KLK10,2752,1175
KLK3,2753,1176
KLK4,2754,1177
KLK5,2755,1178
KLRB1,2756,1179
KMT2A,2757,1180
KMT5C,2758,1181
KRAS,2759,1182
KRT1,2760,1183
KRT10,2761,1184
KRT14,2762,1185
KRT20,2763,1186
KRT5,2764,1187
KRT6A,2765,1188
L1CAM,2766,1189
L3MBTL1,2767,1190
L3MBTL3,2768,1191
LALBA,2769,1192
LAMP1,2770,1193
LAMP2,2771,1194
LARS1,2772,1195
LAT,2773,1196
LBP,2774,1197
LCK,2775,1198
LCN2,2776,1199
LCT,2777,1200
LDHA,2778,1201
LDHB,2779,1202
LDLR,2780,1203
LEF1,2781,1204
LEP,2782,1205
LEPR,2783,1206
LGALS3,2784,1207
LGSN,2785,1208
LHB,2786,1209
LIF,2787,1210
LIMK1,2788,1211
LIMK2,2789,1212
LIN28A,2790,1213
LIN28B,2791,1214
LIPE,2792,1215
LIPG,2793,1216
LMNB1,2794,1217
LMTK3,2795,1218
LORICRIN,2796,1219
LOX,2797,1220
LOXL2,2798,1221
LOXL3,2799,1222
LOXL4,2800,1223
LPIN1,2801,1224
LPL,2802,1225
LPO,2803,1226
LRIG1,2804,1227
LRP1,2805,1228
LRP5,2806,1229
LRP6,2807,1230
LRRK2,2808,1231
LTA4H,2809,1232
LTB4R,2810,1233
LTC4S,2811,1234
LTK,2812,1235
LY96,2813,1236
LYN,2814,1237
LYVE1,2815,1238
LYZ,2816,1239
MADCAM1,2817,1240
MADD,2818,1241
MAFA,2819,1242
MAFG,2820,1243
MAGEC3,2821,1244
MAOA,2822,1245
MAOB,2823,1246
MAP1B,2824,1247
MAP1LC3A,2825,1248
MAP1LC3B,2826,1249
MAP2,2827,1250
MAP2K1,2828,1251
MAP2K2,2829,1252
MAP2K4,2830,1253
MAP2K5,2831,1254
MAP2K6,2832,1255
MAP2K7,2833,1256
MAP3K1,2834,1257
MAP3K11,2835,1258
MAP3K19,2836,1259
MAP3K2,2837,1260
MAP3K20,2838,1261
MAP3K3,2839,1262
MAP3K5,2840,1263
MAP3K8,2841,1264
MAP4K4,2842,1265
MAP4K5,2843,1266
MAPK1,2844,1267
MAPK10,2845,1268
MAPK11,2846,1269
MAPK14,2847,1270
MAPK15,2848,1271
MAPK3,2849,1272
MAPK4,2850,1273
MAPK6,2851,1274
MAPK7,2852,1275
MAPK8,2853,1276
MAPK9,2854,1277
MAPKAP1,2855,1278
MAPKAPK2,2856,1279
MAPKAPK5,2857,1280
MAPT,2858,1281
MARCKS,2859,1282
MARK4,2860,1283
MAT1A,2861,1284
MAT2A,2862,1285
MAT2B,2863,1286
MB,2864,1287
MBD2,2865,1288
MBNL1,2866,1289
MBP,2867,1290
MBTD1,2868,1291
MBTPS1,2869,1292
MC1R,2870,1293
MC3R,2871,1294
MC4R,2872,1295
MC5R,2873,1296
MCIDAS,2874,1297
MCL1,2875,1298
MCM2,2876,1299
MCM3,2877,1300
MCM4,2878,1301
MCM5,2879,1302
MCM6,2880,1303
MCM7,2881,1304
MCU,2882,1305
MDC1,2883,1306
MDH2,2884,1307
MDK,2885,1308
MDM2,2886,1309
MDM4,2887,1310
ME1,2888,1311
MECP2,2889,1312
MEF2A,2890,1313
MEF2D,2891,1314
MELK,2892,1315
MEN1,2893,1316
MERTK,2894,1317
MET,2895,1318
METTL3,2896,1319
MFN2,2897,1320
MGAM,2898,1321
MGAT1,2899,1322
MGLL,2900,1323
MGMT,2901,1324
MGP,2902,1325
MGST1,2903,1326
MICAL1,2904,1327
MIF,2905,1328
MINK1,2906,1329
MIOX,2907,1330
MIP,2908,1331
MITF,2909,1332
MKI67,2910,1333
MKNK1,2911,1334
MKNK2,2912,1335
MLC1,2913,1336
MLNR,2914,1337
MLXIPL,2915,1338
MME,2916,1339
MMP1,2917,1340
MMP10,2918,1341
MMP11,2919,1342
MMP12,2920,1343
MMP13,2921,1344
MMP14,2922,1345
MMP2,2923,1346
MMP3,2924,1347
MMP7,2925,1348
MMP8,2926,1349
MMP9,2927,1350
MPDZ,2928,1351
MPEG1,2929,1352
MPG,2930,1353
MPI,2931,1354
MPL,2932,1355
MPO,2933,1356
MPP1,2934,1357
MPST,2935,1358
MPZ,2936,1359
MRC1,2937,1360
MRGPRX2,2938,1361
MRGPRX3,2939,1362
MSH2,2940,1363
MSH6,2941,1364
MSI1,2942,1365
MSR1,2943,1366
MST1,2944,1367
MSTN,2945,1368
MSX2,2946,1369
MT-CO2,2947,1370
MT-ND1,2948,1371
MT-ND2,2949,1372
MT-ND4,2950,1373
MT-ND6,2951,1374
MT1A,2952,1375
MT2A,2953,1376
MT3,2954,1377
MTA1,2955,1378
MTDH,2956,1379
MTNR1A,2957,1380
MTNR1B,2958,1381
MTOR,2959,1382
MTR,2960,1383
MTTP,2961,1384
MUC1,2962,1385
MUC2,2963,1386
MUC4,2964,1387
MUC5AC,2965,1388
MUSK,2966,1389
MVP,2967,1390
MYB,2968,1391
MYC,2969,1392
MYD88,2970,1393
MYH11,2971,1394
MYH2,2972,1395
MYH7,2973,1396
MYL9,2974,1397
MYLIP,2975,1398
MYLK,2976,1399
MYLK2,2977,1400
MYLK3,2978,1401
MYOC,2979,1402
MYOD1,2980,1403
NAAA,2981,1404
NADK,2982,1405
NAE1,2983,1406
NAMPT,2984,1407
NANOG,2985,1408
NAPEPLD,2986,1409
NAPRT,2987,1410
NAT1,2988,1411
NCCRP1,2989,1412
NCF1,2990,1413
NCF2,2991,1414
NCOA1,2992,1415
NCOR1,2993,1416
NDRG2,2994,1417
NDUFV2,2995,1418
NEDD4L,2996,1419
NEIL2,2997,1420
NEK11,2998,1421
NEK2,2999,1422
NEK6,3000,1423
NEK7,3001,1424
NES,3002,1425
NEU1,3003,1426
NEU2,3004,1427
NEUROG2,3005,1428
NF2,3006,1429
NFATC1,3007,1430
NFATC4,3008,1431
NFE2L2,3009,1432
NFKB1,3010,1433
NFKBIA,3011,1434
NGB,3012,1435
NGF,3013,1436
NGFR,3014,1437
NISCH,3015,1438
NKX2-5,3016,1439
NKX3-1,3017,1440
NLK,3018,1441
NLRC4,3019,1442
NLRP3,3020,1443
NME1,3021,1444
NME4,3022,1445
NMUR2,3023,1446
NNMT,3024,1447
NOD1,3025,1448
NOD2,3026,1449
NOS1,3027,1450
NOS2,3028,1451
NOS3,3029,1452
NOTCH1,3030,1453
NOTCH2,3031,1454
NOTUM,3032,1455
NOX1,3033,1456
NOX3,3034,1457
NOX4,3035,1458
NOX5,3036,1459
NPC1,3037,1460
NPC1L1,3038,1461
NPEPPS,3039,1462
NPHS1,3040,1463
NPHS2,3041,1464
NPM1,3042,1465
NPPA,3043,1466
NPPB,3044,1467
NPPC,3045,1468
NPR2,3046,1469
NPR3,3047,1470
NPS,3048,1471
NPSR1,3049,1472
NPVF,3050,1473
NPY,3051,1474
NPY1R,3052,1475
NQO1,3053,1476
NQO2,3054,1477
NR0B1,3055,1478
NR0B2,3056,1479
NR1H2,3057,1480
NR1H3,3058,1481
NR1H4,3059,1482
NR1I2,3060,1483
NR1I3,3061,1484
NR2C2,3062,1485
NR2E1,3063,1486
NR2F2,3064,1487
NR3C1,3065,1488
NR3C2,3066,1489
NR4A1,3067,1490
NR4A2,3068,1491
NR5A1,3069,1492
NR5A2,3070,1493
NRF1,3071,1494
NRG1,3072,1495
NRG3,3073,1496
NRP1,3074,1497
NSD1,3075,1498
NSD2,3076,1499
NSFL1C,3077,1500
NT5E,3078,1501
NTF3,3079,1502
NTN1,3080,1503
NTRK1,3081,1504
NTRK2,3082,1505
NTSR1,3083,1506
NUAK1,3084,1507
NUAK2,3085,1508
NUCB2,3086,1509
NUCLEOLIN,3087,1510
NUDT1,3088,1511
NUP62,3089,1512
NUS1,3090,1513
OAS3,3091,1514
OCLN,3092,1515
ODC1,3093,1516
OGG1,3094,1517
OLIG2,3095,1518
OLR1,3096,1519
OPCML,3097,1520
OPN3,3098,1521
OPN4,3099,1522
OPRD1,3100,1523
OPRK1,3101,1524
OPRM1,3102,1525
OR51E1,3103,1526
OR51E2,3104,1527
ORAI1,3105,1528
OSBP,3106,1529
OSBP2,3107,1530
OSR2,3108,1531
OTX2,3109,1532
OXER1,3110,1533
OXT,3111,1534
OXTR,3112,1535
P2RX1,3113,1536
P2RX2,3114,1537
P2RX3,3115,1538
P2RX4,3116,1539
P2RX7,3117,1540
P2RY1,3118,1541
P2RY12,3119,1542
P2RY14,3120,1543
P2RY2,3121,1544
P2RY4,3122,1545
P2RY6,3123,1546
P4HA2,3124,1547
P4HB,3125,1548
PAEP,3126,1549
PAK1,3127,1550
PAK4,3128,1551
PAM,3129,1552
PARG,3130,1553
PARK7,3131,1554
PARP1,3132,1555
PARP2,3133,1556
PAWR,3134,1557
PAX6,3135,1558
PAX8,3136,1559
PBK,3137,1560
PBRM1,3138,1561
PCGF1,3139,1562
PCK1,3140,1563
PCK2,3141,1564
PCLAF,3142,1565
PCMT1,3143,1566
PCNA,3144,1567
PCSK1,3145,1568
PCSK2,3146,1569
PCSK7,3147,1570
PCSK9,3148,1571
PDCD1LG2,3149,1572
PDCD4,3150,1573
PDE10A,3151,1574
PDE1A,3152,1575
PDE2A,3153,1576
PDE3A,3154,1577
PDE3B,3155,1578
PDE4A,3156,1579
PDE4B,3157,1580
PDE4D,3158,1581
PDE5A,3159,1582
PDE9A,3160,1583
PDGFB,3161,1584
PDGFRB,3162,1585
PDIA3,3163,1586
PDIA4,3164,1587
PDK1,3165,1588
PDK4,3166,1589
PDLIM1,3167,1590
PDPK1,3168,1591
PDX1,3169,1592
PDYN,3170,1593
PEA15,3171,1594
PECAM1,3172,1595
PEG10,3173,1596
PEMT,3174,1597
PENK,3175,1598
PER1,3176,1599
PFKFB3,3177,1600
PFKM,3178,1601
PFN1,3179,1602
PGAM1,3180,1603
PGD,3181,1604
PGF,3182,1605
PGP,3183,1606
PGR,3184,1607
PGRMC1,3185,1608
PHB1,3186,1609
PHF8,3187,1610
PHKG1,3188,1611
PHKG2,3189,1612
PHLPP2,3190,1613
PHPT1,3191,1614
PIAS3,3192,1615
PIGK,3193,1616
PIK3CA,3194,1617
PIK3CB,3195,1618
PIK3CD,3196,1619
PIK3CG,3197,1620
PIK3R1,3198,1621
PIM1,3199,1622
PIM2,3200,1623
PIM3,3201,1624
PIN1,3202,1625
PINK1,3203,1626
PIP4K2C,3204,1627
PKD2,3205,1628
PKLR,3206,1629
PKM,3207,1630
PKMYT1,3208,1631
PKN1,3209,1632
PLA2G1B,3210,1633
PLA2G2A,3211,1634
PLA2G4A,3212,1635
PLA2G7,3213,1636
PLAGL1,3214,1637
PLAT,3215,1638
PLAU,3216,1639
PLAUR,3217,1640
PLCG1,3218,1641
PLD1,3219,1642
PLEC,3220,1643
PLEK,3221,1644
PLG,3222,1645
PLIN1,3223,1646
PLK1,3224,1647
PLK3,3225,1648
PLK4,3226,1649
PLP1,3227,1650
PLSCR1,3228,1651
PLXNA2,3229,1652
PMAIP1,3230,1653
PML,3231,1654
PMM2,3232,1655
PMP22,3233,1656
PNLIP,3234,1657
PNMT,3235,1658
PNO1,3236,1659
PNP,3237,1660
PNPLA2,3238,1661
PNPO,3239,1662
PODXL,3240,1663
POLA1,3241,1664
POLB,3242,1665
POLG,3243,1666
POLH,3244,1667
POLI,3245,1668
POLL,3246,1669
POMC,3247,1670
POMK,3248,1671
PON1,3249,1672
PON3,3250,1673
POR,3251,1674
POU2F1,3252,1675
POU5F1,3253,1676
PPARA,3254,1677
PPARD,3255,1678
PPARG,3256,1679
PPARGC1A,3257,1680
PPID,3258,1681
PPIP5K1,3259,1682
PPM1A,3260,1683
PPP1R12A,3261,1684
PPP1R1B,3262,1685
PPP3CA,3263,1686
PPP5C,3264,1687
PRC1,3265,1688
PRDM13,3266,1689
PRDM2,3267,1690
PRDX1,3268,1691
PRDX2,3269,1692
PRDX5,3270,1693
PRDX6,3271,1694
PREP,3272,1695
PRF1,3273,1696
PRKAA1,3274,1697
PRKAA2,3275,1698
PRKACA,3276,1699
PRKAG2,3277,1700
PRKAR1A,3278,1701
PRKCA,3279,1702
PRKCB,3280,1703
PRKCD,3281,1704
PRKCE,3282,1705
PRKCG,3283,1706
PRKCH,3284,1707
PRKCI,3285,1708
PRKCQ,3286,1709
PRKCZ,3287,1710
PRKD1,3288,1711
PRKD2,3289,1712
PRKD3,3290,1713
PRKDC,3291,1714
PRKG1,3292,1715
PRL,3293,1716
PRMT1,3294,1717
PRMT3,3295,1718
PRMT5,3296,1719
PRMT6,3297,1720
PRMT7,3298,1721
PRMT8,3299,1722
PRNP,3300,1723
PROCR,3301,1724
PROM1,3302,1725
PRRT2,3303,1726
PRSS1,3304,1727
PRSS50,3305,1728
PRSS8,3306,1729
PSEN1,3307,1730
PSG1,3308,1731
PSIP1,3309,1732
PSMB1,3310,1733
PSMB2,3311,1734
PSMB5,3312,1735
PSMD14,3313,1736
PSME1,3314,1737
PTAFR,3315,1738
PTCH1,3316,1739
PTEN,3317,1740
PTGDS,3318,1741
PTGER2,3319,1742
PTGER4,3320,1743
PTGES,3321,1744
PTGES2,3322,1745
PTGES3,3323,1746
PTGFR,3324,1747
PTGIR,3325,1748
PTGR1,3326,1749
PTGS1,3327,1750
PTGS2,3328,1751
PTH,3329,1752
PTHLH,3330,1753
PTK2,3331,1754
PTK2B,3332,1755
PTK6,3333,1756
PTN,3334,1757
PTP4A1,3335,1758
PTP4A3,3336,1759
PTPA,3337,1760
PTPN1,3338,1761
PTPN11,3339,1762
PTPN13,3340,1763
PTPN2,3341,1764
PTPN22,3342,1765
PTPN6,3343,1766
PTPN7,3344,1767
PTPN9,3345,1768
PTPRC,3346,1769
PTPRCAP,3347,1770
PTPRF,3348,1771
PTPRH,3349,1772
PTPRS,3350,1773
PTTG1,3351,1774
PTX3,3352,1775
PVALB,3353,1776
PYGL,3354,1777
PYGM,3355,1778
QPCT,3356,1779
QPCTL,3357,1780
RAB7A,3358,1781
RAB9A,3359,1782
RAC1,3360,1783
RACK1,3361,1784
RAD51,3362,1785
RAD52,3363,1786
RAF1,3364,1787
RALA,3365,1788
RAP1B,3366,1789
RAPGEF3,3367,1790
RAPGEF4,3368,1791
RARA,3369,1792
RARB,3370,1793
RARG,3371,1794
RARRES2,3372,1795
RASAL2,3373,1796
RASGRF1,3374,1797
RASGRP3,3375,1798
RASSF1,3376,1799
RB1,3377,1800
RBP1,3378,1801
RBP2,3379,1802
RBP4,3380,1803
RCAN2,3381,1804
RECK,3382,1805
REG1A,3383,1806
REG3A,3384,1807
RELA,3385,1808
REN,3386,1809
REST,3387,1810
RET,3388,1811
RETN,3389,1812
RFX5,3390,1813
RGN,3391,1814
RGS17,3392,1815
RHEB,3393,1816
RHO,3394,1817
RHOA,3395,1818
RHOB,3396,1819
RHOC,3397,1820
RIPK2,3398,1821
RIPK3,3399,1822
RIT1,3400,1823
RNASE3,3401,1824
RNASEL,3402,1825
RNF8,3403,1826
ROCK1,3404,1827
ROCK2,3405,1828
RORA,3406,1829
RORB,3407,1830
RORC,3408,1831
ROS1,3409,1832
RPA1,3410,1833
RPS6KA1,3411,1834
RPS6KA2,3412,1835
RPS6KA3,3413,1836
RPS6KA4,3414,1837
RPS6KB1,3415,1838
RPS9,3416,1839
RPSA,3417,1840
RPTOR,3418,1841
RSAD2,3419,1842
RTL10,3420,1843
RTN4,3421,1844
RUNX2,3422,1845
RXRA,3423,1846
RXRB,3424,1847
RXRG,3425,1848
RYR1,3426,1849
RYR2,3427,1850
S100A1,3428,1851
S100A10,3429,1852
S100A8,3430,1853
S100A9,3431,1854
S100B,3432,1855
S100G,3433,1856
S1PR1,3434,1857
SAE1,3435,1858
SALL3,3436,1859
SAMHD1,3437,1860
SARM1,3438,1861
SBK1,3439,1862
SCAP,3440,1863
SCARB1,3441,1864
SCD,3442,1865
SCN11A,3443,1866
SCN1A,3444,1867
SCN2A,3445,1868
SCN3A,3446,1869
SCN4A,3447,1870
SCN5A,3448,1871
SCN7A,3449,1872
SCN8A,3450,1873
SCN9A,3451,1874
SCNN1A,3452,1875
SCNN1G,3453,1876
SCP2,3454,1877
SDC3,3455,1878
SDHB,3456,1879
SELE,3457,1880
SELENOK,3458,1881
SELENOS,3459,1882
SELENOW,3460,1883
SELL,3461,1884
SELP,3462,1885
SEMA3A,3463,1886
SENP1,3464,1887
SERPINA1,3465,1888
SERPINA6,3466,1889
SERPINB3,3467,1890
SERPINC1,3468,1891
SERPINE1,3469,1892
SERPINF1,3470,1893
SERPINF2,3471,1894
SERPINH1,3472,1895
SERPINI1,3473,1896
SERTAD1,3474,1897
SETD7,3475,1898
SETDB1,3476,1899
SFN,3477,1900
SFRP1,3478,1901
SFRP2,3479,1902
SFTPA1,3480,1903
SFTPB,3481,1904
SGCB,3482,1905
SGK1,3483,1906
SGK2,3484,1907
SGMS2,3485,1908
SH3GL1,3486,1909
SH3GL2,3487,1910
SHBG,3488,1911
SHC1,3489,1912
SHH,3490,1913
SHMT2,3491,1914
SI,3492,1915
SIAH1,3493,1916
SIAH2,3494,1917
SIGMAR1,3495,1918
SIK2,3496,1919
SIRT1,3497,1920
SIRT2,3498,1921
SIRT3,3499,1922
SIRT4,3500,1923
SIRT5,3501,1924
SIRT6,3502,1925
SIX6,3503,1926
SKI,3504,1927
SKIL,3505,1928
SKP2,3506,1929
SLC10A1,3507,1930
SLC10A2,3508,1931
SLC12A2,3509,1932
SLC12A3,3510,1933
SLC12A5,3511,1934
SLC15A1,3512,1935
SLC15A2,3513,1936
SLC16A1,3514,1937
SLC16A2,3515,1938
SLC16A3,3516,1939
SLC16A7,3517,1940
SLC17A5,3518,1941
SLC17A7,3519,1942
SLC18A2,3520,1943
SLC19A2,3521,1944
SLC19A3,3522,1945
SLC1A1,3523,1946
SLC1A2,3524,1947
SLC1A3,3525,1948
SLC1A6,3526,1949
SLC20A2,3527,1950
SLC22A1,3528,1951
SLC22A12,3529,1952
SLC22A2,3530,1953
SLC22A3,3531,1954
SLC22A4,3532,1955
SLC22A6,3533,1956
SLC22A7,3534,1957
SLC22A8,3535,1958
SLC23A1,3536,1959
SLC23A2,3537,1960
SLC25A21,3538,1961
SLC25A5,3539,1962
SLC26A3,3540,1963
SLC26A4,3541,1964
SLC26A6,3542,1965
SLC28A1,3543,1966
SLC28A2,3544,1967
SLC28A3,3545,1968
SLC29A1,3546,1969
SLC2A1,3547,1970
SLC2A2,3548,1971
SLC2A3,3549,1972
SLC2A4,3550,1973
SLC2A9,3551,1974
SLC32A1,3552,1975
SLC36A1,3553,1976
SLC47A1,3554,1977
SLC47A2,3555,1978
SLC4A4,3556,1979
SLC52A1,3557,1980
SLC5A1,3558,1981
SLC5A2,3559,1982
SLC5A4,3560,1983
SLC5A5,3561,1984
SLC5A6,3562,1985
SLC5A7,3563,1986
SLC60A2,3564,1987
SLC6A1,3565,1988
SLC6A11,3566,1989
SLC6A12,3567,1990
SLC6A13,3568,1991
SLC6A15,3569,1992
SLC6A2,3570,1993
SLC6A3,3571,1994
SLC6A4,3572,1995
SLC6A6,3573,1996
SLC7A11,3574,1997
SLC7A5,3575,1998
SLC9A1,3576,1999
SLC9A2,3577,2000
SLC9A3,3578,2001
SLC9A8,3579,2002
SLC9B2,3580,2003
SLC9C1,3581,2004
SLCO1A2,3582,2005
SLCO1B1,3583,2006
SLCO1B3,3584,2007
SLCO2A1,3585,2008
SLCO2B1,3586,2009
SLCO4C1,3587,2010
SLK,3588,2011
SLPI,3589,2012
SMAD1,3590,2013
SMAD2,3591,2014
SMAD3,3592,2015
SMAD4,3593,2016
SMAD5,3594,2017
SMAD6,3595,2018
SMAD7,3596,2019
SMO,3597,2020
SMOX,3598,2021
SMPD1,3599,2022
SMPD2,3600,2023
SMYD2,3601,2024
SMYD3,3602,2025
SNAI1,3603,2026
SNAI2,3604,2027
SNCA,3605,2028
SNCAIP,3606,2029
SNX8,3607,2030
SOAT1,3608,2031
SOAT2,3609,2032
SOCS1,3610,2033
SOCS3,3611,2034
SOD1,3612,2035
SOD2,3613,2036
SOD3,3614,2037
SORD,3615,2038
SOST,3616,2039
SOX2,3617,2040
SP1,3618,2041
SP3,3619,2042
SP6,3620,2043
SPAG5,3621,2044
SPARC,3622,2045
SPHK1,3623,2046
SPHK2,3624,2047
SPI1,3625,2048
SPP1,3626,2049
SPRY1,3627,2050
SPTLC2,3628,2051
SPTSSB,3629,2052
SRC,3630,2053
SRD5A1,3631,2054
SRD5A2,3632,2055
SREBF1,3633,2056
SREBF2,3634,2057
SRR,3635,2058
SRSF3,3636,2059
SSTR1,3637,2060
SSTR2,3638,2061
SSTR3,3639,2062
SSTR4,3640,2063
SSTR5,3641,2064
ST3GAL1,3642,2065
ST6GAL2,3643,2066
ST8SIA2,3644,2067
STAR,3645,2068
STARD3,3646,2069
STARD5,3647,2070
STARD6,3648,2071
STAT1,3649,2072
STAT3,3650,2073
STAT4,3651,2074
STAT5A,3652,2075
STAT5B,3653,2076
STIM1,3654,2077
STING1,3655,2078
STK10,3656,2079
STK11,3657,2080
STK17A,3658,2081
STK17B,3659,2082
STK36,3660,2083
STS,3661,2084
STXBP1,3662,2085
SUCNR1,3663,2086
SULT1A1,3664,2087
SULT1C2,3665,2088
SULT1E1,3666,2089
SULT2A1,3667,2090
SUV39H1,3668,2091
SUV39H2,3669,2092
SYK,3670,2093
SYN1,3671,2094
SYN2,3672,2095
SYNJ1,3673,2096
SYNJ2,3674,2097
SYP,3675,2098
TAAR1,3676,2099
TAAR5,3677,2100
TAC1,3678,2101
TACR1,3679,2102
TACR2,3680,2103
TACR3,3681,2104
TACSTD2,3682,2105
TARDBP,3683,2106
TAS2R10,3684,2107
TAS2R14,3685,2108
TAS2R31,3686,2109
TAS2R39,3687,2110
TAS2R46,3688,2111
TAS2R5,3689,2112
TAT,3690,2113
TBK1,3691,2114
TBXA2R,3692,2115
TBXAS1,3693,2116
TCF21,3694,2117
TCF4,3695,2118
TCF7L2,3696,2119
TCIRG1,3697,2120
TDO2,3698,2121
TDP1,3699,2122
TEK,3700,2123
TEP1,3701,2124
TERT,3702,2125
TET1,3703,2126
TET2,3704,2127
TF,3705,2128
TFAM,3706,2129
TFAP2A,3707,2130
TFEB,3708,2131
TFF1,3709,2132
TFRC,3710,2133
TG,3711,2134
TGFA,3712,2135
TGFB1,3713,2136
TGFB2,3714,2137
TGFB3,3715,2138
TGFBR1,3716,2139
TGFBR2,3717,2140
TGM1,3718,2141
TGM2,3719,2142
TH,3720,2143
THBD,3721,2144
THBS1,3722,2145
THBS4,3723,2146
THEM4,3724,2147
THRA,3725,2148
THRB,3726,2149
TICAM2,3727,2150
TIGAR,3728,2151
TIMP1,3729,2152
TIMP2,3730,2153
TIMP3,3731,2154
TIMP4,3732,2155
TIPARP,3733,2156
TJP1,3734,2157
TKT,3735,2158
TLR2,3736,2159
TLR3,3737,2160
TLR4,3738,2161
TLR5,3739,2162
TLR7,3740,2163
TLR8,3741,2164
TLR9,3742,2165
TMED2,3743,2166
TMEM97,3744,2167
TMPRSS11D,3745,2168
TMPRSS2,3746,2169
TNF,3747,2170
TNFAIP3,3748,2171
TNFRSF10A,3749,2172
TNFRSF10B,3750,2173
TNFRSF11A,3751,2174
TNFRSF11B,3752,2175
TNFRSF12A,3753,2176
TNFRSF13B,3754,2177
TNFRSF1A,3755,2178
TNFRSF1B,3756,2179
TNFRSF4,3757,2180
TNFRSF9,3758,2181
TNFSF10,3759,2182
TNFSF11,3760,2183
TNFSF13B,3761,2184
TNFSF9,3762,2185
TNIK,3763,2186
TNK2,3764,2187
TNKS,3765,2188
TNKS2,3766,2189
TNNI3,3767,2190
TNNT2,3768,2191
TOB1,3769,2192
TOP1,3770,2193
TOP2A,3771,2194
TP53,3772,2195
TPH1,3773,2196
TPH2,3774,2197
TPMT,3775,2198
TPO,3776,2199
TPP2,3777,2200
TPT1,3778,2201
TRAF2,3779,2202
TRAF6,3780,2203
TRDMT1,3781,2204
TREH,3782,2205
TRIB3,3783,2206
TRIM24,3784,2207
TRIM33,3785,2208
TRIM63,3786,2209
TRPA1,3787,2210
TRPC3,3788,2211
TRPC5,3789,2212
TRPC6,3790,2213
TRPM3,3791,2214
TRPM7,3792,2215
TRPM8,3793,2216
TRPV1,3794,2217
TRPV2,3795,2218
TRPV3,3796,2219
TRPV4,3797,2220
TRPV6,3798,2221
TSC2,3799,2222
TSHB,3800,2223
TSNAX,3801,2224
TSPO,3802,2225
TST,3803,2226
TTK,3804,2227
TTPA,3805,2228
TTR,3806,2229
TUBA1B,3807,2230
TUBB,3808,2231
TUBB3,3809,2232
TWIST1,3810,2233
TXK,3811,2234
TXN,3812,2235
TXN2,3813,2236
TXNDC17,3814,2237
TXNIP,3815,2238
TXNRD1,3816,2239
TYMS,3817,2240
TYR,3818,2241
TYRP1,3819,2242
UBE2N,3820,2243
UBE3A,3821,2244
UBIAD1,3822,2245
UCHL1,3823,2246
UCHL3,3824,2247
UCP1,3825,2248
UCP2,3826,2249
UCP3,3827,2250
UGCG,3828,2251
UGP2,3829,2252
UGT1A1,3830,2253
UGT1A3,3831,2254
UGT1A4,3832,2255
UGT1A6,3833,2256
UGT1A9,3834,2257
UGT2B10,3835,2258
UGT2B28,3836,2259
UGT2B4,3837,2260
UGT2B7,3838,2261
UHRF1,3839,2262
UNC13A,3840,2263
UNG,3841,2264
UQCRC1,3842,2265
URAD,3843,2266
USP10,3844,2267
USP47,3845,2268
USP5,3846,2269
USP7,3847,2270
VAMP2,3848,2271
VASH1,3849,2272
VASP,3850,2273
VAV1,3851,2274
VCAM1,3852,2275
VCP,3853,2276
VDR,3854,2277
VEGFA,3855,2278
VEGFC,3856,2279
VIM,3857,2280
VIP,3858,2281
VLDLR,3859,2282
VRK1,3860,2283
VWF,3861,2284
WARS2,3862,2285
WNT1,3863,2286
WNT3A,3864,2287
WNT5A,3865,2288
WT1,3866,2289
WWOX,3867,2290
XBP1,3868,2291
XDH,3869,2292
XIAP,3870,2293
XPO1,3871,2294
XRCC3,3872,2295
XRCC6,3873,2296
YAP1,3874,2297
YARS1,3875,2298
YBX1,3876,2299
YES1,3877,2300
YIF1B,3878,2301
YWHAZ,3879,2302
YY1,3880,2303
ZBTB16,3881,2304
ZBTB7A,3882,2305
ZEB1,3883,2306
ZFHX3,3884,2307
ZHX2,3885,2308
