herb_id,compound_id
H0002,C0054
H0002,C0063
H0002,C0064
H0002,C0073
H0002,C0081
H0002,C0133
H0002,C0156
H0002,C0157
H0002,C0163
H0002,C0164
H0002,C0188
H0002,C0189
H0002,C0242
H0002,C0259
H0002,C0262
H0002,C0263
H0002,C0285
H0002,C0362
H0002,C0374
H0002,C0377
H0002,C0419
H0002,C0498
H0002,C0504
H0002,C0522
H0002,C0523
H0002,C0547
H0002,C0548
H0002,C0771
H0002,C0808
H0002,C0845
H0002,C0905
H0002,C0935
H0002,C1162
H0002,C1209
H0002,C1218
H0002,C1231
H0002,C1243
H0580,C0133
H0580,C0157
H0580,C0164
H0580,C0189
H0580,C0263
H0580,C0352
H0580,C0377
H0580,C0399
H0580,C0504
H0580,C0914
H0580,C0935
H0580,C1231
H0580,C1237
H0581,C0133
H0581,C0157
H0581,C0164
H0581,C0189
H0581,C0263
H0581,C0352
H0581,C0377
H0581,C0399
H0581,C0504
H0581,C0914
H0581,C0935
H0581,C1231
H0581,C1237
H0582,C0072
H0582,C0089
H0582,C0239
H0582,C0242
H0582,C0305
H0582,C0312
H0582,C0377
H0582,C0519
H0582,C0523
H0582,C0548
H0582,C0808
H0582,C1162
H0582,C1178
H0582,C1216
H0582,C1220
H0582,C1226
H0582,C1237
H0582,C1241
H0583,C0133
H0583,C0157
H0583,C0164
H0583,C0189
H0583,C0263
H0583,C0352
H0583,C0377
H0583,C0399
H0583,C0504
H0583,C0914
H0583,C0935
H0583,C1231
H0583,C1237
H0584,C0190
H0584,C0400
H0584,C0416
H0585,C0053
H0585,C0063
H0585,C0064
H0585,C0065
H0585,C0087
H0585,C0102
H0585,C0133
H0585,C0143
H0585,C0156
H0585,C0157
H0585,C0188
H0585,C0189
H0585,C0190
H0585,C0219
H0585,C0228
H0585,C0231
H0585,C0285
H0585,C0352
H0585,C0366
H0585,C0377
H0585,C0391
H0585,C0392
H0585,C0393
H0585,C0416
H0585,C0447
H0585,C0455
H0585,C0479
H0585,C0504
H0585,C0510
H0585,C0523
H0585,C0524
H0585,C0528
H0585,C0547
H0585,C0548
H0585,C0771
H0585,C0923
H0585,C1162
H0585,C1178
H0585,C1203
H0585,C1209
H0585,C1218
H0585,C1231
H0585,C1245
H0585,C1247
H0585,C1259
H0586,C0372
H0587,C0372
H0588,C0063
H0589,C0794
H0590,C0040
H0590,C0189
H0590,C0219
H0590,C0251
H0590,C0259
H0590,C0285
H0590,C0447
H0590,C0478
H0590,C0528
H0590,C0905
H0590,C1178
H0591,C0090
H0591,C0164
H0591,C0262
H0591,C0352
H0591,C0476
H0591,C1180
H0592,C0040
H0592,C0189
H0592,C0219
H0592,C0251
H0592,C0259
H0592,C0285
H0592,C0447
H0592,C0478
H0592,C0528
H0592,C0905
H0592,C1178
H0593,C1173
H0593,C1202
H0595,C0064
H0595,C0086
H0595,C0189
H0595,C0335
H0595,C1162
H0595,C1173
H0595,C1245
H0597,C0190
H0597,C0400
H0597,C0416
H0598,C0533
H0599,C0533
H0600,C0533
H0601,C0064
H0601,C0114
H0601,C0119
H0601,C0156
H0601,C0173
H0601,C0242
H0601,C0243
H0601,C0285
H0601,C0352
H0601,C0377
H0601,C0420
H0601,C0425
H0601,C0429
H0601,C0808
H0601,C0927
H0601,C1162
H0601,C1178
H0601,C1203
H0601,C1220
H0601,C1231
H0601,C1241
H0601,C1246
H0602,C0064
H0602,C0114
H0602,C0119
H0602,C0156
H0602,C0173
H0602,C0242
H0602,C0243
H0602,C0285
H0602,C0352
H0602,C0377
H0602,C0420
H0602,C0425
H0602,C0429
H0602,C0808
H0602,C0927
H0602,C1162
H0602,C1178
H0602,C1203
H0602,C1220
H0602,C1231
H0602,C1241
H0602,C1246
H0603,C0107
H0603,C0377
H0603,C0504
H0603,C0841
H0603,C1205
H0605,C0014
H0605,C0072
H0605,C0102
H0605,C0133
H0605,C0156
H0605,C0188
H0605,C0240
H0605,C0254
H0605,C0291
H0605,C0307
H0605,C0333
H0605,C0352
H0605,C0377
H0605,C0383
H0605,C0389
H0605,C0390
H0605,C0504
H0605,C0510
H0605,C0523
H0605,C0547
H0605,C0615
H0605,C0629
H0605,C0638
H0605,C0697
H0605,C0724
H0605,C0752
H0605,C0894
H0605,C0927
H0605,C1166
H0605,C1176
H0605,C1231
H0605,C1234
H0605,C1245
H0605,C1246
H0605,C1247
H0605,C1248
H0605,C1253
H0605,C1258
H0606,C0014
H0606,C0072
H0606,C0102
H0606,C0133
H0606,C0156
H0606,C0188
H0606,C0240
H0606,C0254
H0606,C0291
H0606,C0307
H0606,C0333
H0606,C0352
H0606,C0377
H0606,C0383
H0606,C0389
H0606,C0390
H0606,C0504
H0606,C0510
H0606,C0523
H0606,C0547
H0606,C0927
H0606,C1166
H0606,C1176
H0606,C1231
H0606,C1234
H0606,C1245
H0606,C1246
H0606,C1247
H0606,C1248
H0606,C1253
H0606,C1258
H0607,C0014
H0607,C0072
H0607,C0102
H0607,C0133
H0607,C0156
H0607,C0188
H0607,C0240
H0607,C0254
H0607,C0291
H0607,C0307
H0607,C0333
H0607,C0352
H0607,C0377
H0607,C0383
H0607,C0389
H0607,C0390
H0607,C0504
H0607,C0510
H0607,C0523
H0607,C0547
H0607,C0927
H0607,C1166
H0607,C1176
H0607,C1231
H0607,C1234
H0607,C1245
H0607,C1246
H0607,C1247
H0607,C1248
H0607,C1253
H0607,C1258
H0608,C0014
H0608,C0072
H0608,C0102
H0608,C0133
H0608,C0156
H0608,C0188
H0608,C0240
H0608,C0254
H0608,C0291
H0608,C0307
H0608,C0333
H0608,C0352
H0608,C0377
H0608,C0383
H0608,C0389
H0608,C0390
H0608,C0504
H0608,C0510
H0608,C0523
H0608,C0547
H0608,C0927
H0608,C1166
H0608,C1176
H0608,C1231
H0608,C1234
H0608,C1245
H0608,C1246
H0608,C1247
H0608,C1248
H0608,C1253
H0608,C1258
H0609,C0014
H0609,C0072
H0609,C0102
H0609,C0133
H0609,C0156
H0609,C0188
H0609,C0240
H0609,C0254
H0609,C0291
H0609,C0307
H0609,C0333
H0609,C0352
H0609,C0377
H0609,C0383
H0609,C0389
H0609,C0390
H0609,C0504
H0609,C0510
H0609,C0523
H0609,C0547
H0609,C0927
H0609,C1166
H0609,C1176
H0609,C1231
H0609,C1234
H0609,C1245
H0609,C1246
H0609,C1247
H0609,C1248
H0609,C1253
H0609,C1258
H0611,C0768
H0612,C0053
H0612,C0085
H0612,C0086
H0612,C0164
H0612,C0333
H0612,C0352
H0612,C0374
H0612,C0377
H0612,C0391
H0612,C0392
H0612,C0519
H0612,C1203
H0612,C1231
H0612,C1246
H0614,C0053
H0614,C0064
H0614,C0181
H0614,C0190
H0614,C0199
H0614,C0262
H0614,C0332
H0614,C0374
H0614,C0395
H0614,C0444
H0614,C0476
H0614,C0504
H0614,C0914
H0614,C0919
H0614,C1162
H0614,C1178
H0614,C1203
H0614,C1239
H0614,C1245
H0614,C1253
H0614,C1266
H0615,C0114
H0615,C0333
H0615,C0335
H0615,C0442
H0615,C0532
H0615,C0779
H0615,C1205
H0615,C1231
H0615,C1236
H0615,C1241
H0616,C0068
H0616,C0187
H0616,C0376
H0616,C0504
H0618,C0426
H0618,C0878
H0619,C0354
H0619,C0935
H0622,C0476
H0624,C0063
H0624,C0548
H0625,C0181
H0625,C0188
H0625,C0229
H0625,C0352
H0625,C0354
H0625,C0377
H0625,C0484
H0625,C0504
H0625,C0510
H0625,C0523
H0625,C0528
H0625,C0547
H0625,C0548
H0625,C0771
H0625,C0845
H0625,C0891
H0625,C1209
H0627,C0416
H0629,C0063
H0629,C0064
H0629,C0100
H0629,C0219
H0629,C0240
H0629,C0242
H0629,C0248
H0629,C0283
H0629,C0291
H0629,C0381
H0629,C0399
H0629,C0400
H0629,C0447
H0629,C0491
H0629,C0504
H0629,C0523
H0629,C0528
H0629,C0697
H0629,C0771
H0629,C0921
H0629,C0956
H0629,C1209
H0629,C1218
H0631,C0148
H0631,C0189
H0631,C0258
H0631,C0259
H0631,C0285
H0631,C0416
H0631,C0569
H0631,C0582
H0631,C0698
H0631,C0700
H0631,C0752
H0631,C0802
H0631,C0810
H0631,C0823
H0631,C0932
H0631,C1201
H0634,C0039
H0634,C0090
H0634,C0271
H0635,C0039
H0635,C0090
H0635,C0271
H0636,C0130
H0636,C0266
H0636,C0658
H0636,C0835
H0636,C1231
H0637,C0026
H0637,C0045
H0637,C0046
H0637,C0047
H0637,C0091
H0637,C0114
H0637,C0143
H0637,C0245
H0637,C0262
H0637,C0442
H0637,C0443
H0637,C0457
H0637,C0476
H0637,C0526
H0637,C1177
H0637,C1179
H0637,C1180
H0637,C1205
H0637,C1231
H0637,C1241
H0637,C1245
H0638,C0113
H0638,C0144
H0638,C0207
H0638,C0262
H0638,C0471
H0638,C0476
H0638,C0914
H0638,C0928
H0638,C1178
H0638,C1239
H0638,C1253
H0640,C0053
H0640,C0063
H0640,C0240
H0640,C0252
H0640,C0285
H0640,C0309
H0640,C0455
H0640,C0504
H0640,C0523
H0640,C0528
H0640,C0548
H0640,C0799
H0640,C1178
H0641,C0548
H0645,C0548
H0646,C0420
H0646,C0476
H0646,C1178
H0647,C0063
H0647,C0064
H0647,C0219
H0647,C0228
H0647,C0447
H0647,C0504
H0647,C0528
H0647,C0548
H0647,C1162
H0647,C1218
H0648,C0067
H0648,C0090
H0648,C0124
H0648,C0153
H0648,C0199
H0648,C0459
H0648,C0474
H0648,C0513
H0648,C1203
H0648,C1234
H0649,C0067
H0649,C0090
H0649,C0124
H0649,C0153
H0649,C0199
H0649,C0459
H0649,C0474
H0649,C0513
H0649,C1203
H0649,C1234
H0650,C0064
H0650,C0086
H0650,C0094
H0650,C0107
H0650,C0133
H0650,C0156
H0650,C0189
H0650,C0190
H0650,C0258
H0650,C0263
H0650,C0285
H0650,C0287
H0650,C0337
H0650,C0352
H0650,C0377
H0650,C0416
H0650,C0420
H0650,C0447
H0650,C0471
H0650,C0479
H0650,C0485
H0650,C0504
H0650,C0548
H0650,C0582
H0650,C0593
H0650,C0641
H0650,C0672
H0650,C0709
H0650,C0749
H0650,C0750
H0650,C0839
H0650,C0863
H0650,C0931
H0650,C1125
H0650,C1236
H0650,C1246
H0651,C0027
H0651,C0102
H0651,C0118
H0651,C0119
H0651,C0151
H0651,C0154
H0651,C0187
H0651,C0188
H0651,C0189
H0651,C0243
H0651,C0249
H0651,C0252
H0651,C0257
H0651,C0271
H0651,C0287
H0651,C0377
H0651,C0391
H0651,C0392
H0651,C0420
H0651,C0425
H0651,C0496
H0651,C0504
H0651,C0513
H0651,C0519
H0651,C0523
H0651,C0528
H0651,C0547
H0651,C0548
H0651,C0771
H0651,C1171
H0651,C1173
H0651,C1174
H0651,C1209
H0651,C1218
H0651,C1245
H0651,C1246
H0651,C1247
H0651,C1248
H0652,C0027
H0652,C0102
H0652,C0118
H0652,C0119
H0652,C0151
H0652,C0154
H0652,C0187
H0652,C0188
H0652,C0189
H0652,C0243
H0652,C0249
H0652,C0252
H0652,C0257
H0652,C0271
H0652,C0287
H0652,C0377
H0652,C0391
H0652,C0392
H0652,C0420
H0652,C0425
H0652,C0496
H0652,C0504
H0652,C0513
H0652,C0519
H0652,C0523
H0652,C0528
H0652,C0547
H0652,C0548
H0652,C0771
H0652,C1171
H0652,C1173
H0652,C1174
H0652,C1209
H0652,C1218
H0652,C1245
H0652,C1246
H0652,C1247
H0652,C1248
H0653,C0064
H0654,C0063
H0657,C0245
H0658,C0156
H0658,C0164
H0658,C0253
H0658,C0352
H0658,C0377
H0658,C0935
H0659,C0064
H0659,C0086
H0659,C0094
H0659,C0107
H0659,C0133
H0659,C0156
H0659,C0189
H0659,C0190
H0659,C0258
H0659,C0263
H0659,C0285
H0659,C0287
H0659,C0337
H0659,C0352
H0659,C0377
H0659,C0416
H0659,C0420
H0659,C0447
H0659,C0471
H0659,C0479
H0659,C0485
H0659,C0504
H0659,C0548
H0659,C0709
H0659,C0839
H0659,C0863
H0659,C0931
H0659,C1125
H0659,C1236
H0659,C1246
H0660,C1241
H0662,C0723
H0662,C0749
H0665,C0064
H0665,C0086
H0665,C0094
H0665,C0107
H0665,C0133
H0665,C0156
H0665,C0189
H0665,C0190
H0665,C0258
H0665,C0263
H0665,C0285
H0665,C0287
H0665,C0337
H0665,C0352
H0665,C0377
H0665,C0416
H0665,C0420
H0665,C0447
H0665,C0471
H0665,C0479
H0665,C0485
H0665,C0504
H0665,C0548
H0665,C0709
H0665,C0839
H0665,C0863
H0665,C0931
H0665,C1125
H0665,C1236
H0665,C1246
H0666,C0245
H0666,C0320
H0666,C0354
H0666,C0510
H0666,C0871
H0667,C0077
H0667,C0201
H0667,C0243
H0667,C0425
H0667,C0447
H0667,C1218
H0668,C0199
H0668,C0483
H0668,C0914
H0669,C0003
H0669,C0011
H0669,C0141
H0669,C0142
H0669,C0183
H0669,C0375
H0669,C0504
H0669,C0872
H0669,C0874
H0669,C0880
H0671,C0063
H0671,C0149
H0671,C0523
H0671,C1178
H0671,C1203
H0671,C1238
H0673,C0064
H0673,C0219
H0673,C0283
H0673,C0285
H0673,C0298
H0673,C0374
H0673,C0401
H0673,C0510
H0673,C0511
H0673,C0771
H0673,C0856
H0673,C0905
H0673,C1209
H0673,C1242
H0674,C0063
H0674,C0064
H0674,C0203
H0674,C0219
H0674,C0447
H0674,C0528
H0674,C0839
H0674,C1218
H0674,C1245
H0675,C0063
H0675,C0064
H0675,C0203
H0675,C0219
H0675,C0447
H0675,C0528
H0675,C0839
H0675,C1218
H0675,C1245
H0676,C0063
H0676,C0064
H0676,C0203
H0676,C0219
H0676,C0447
H0676,C0528
H0676,C0839
H0676,C1218
H0676,C1245
H0677,C0094
H0677,C0397
H0677,C0464
H0678,C0063
H0678,C0064
H0678,C0203
H0678,C0219
H0678,C0447
H0678,C0528
H0678,C0839
H0678,C1218
H0678,C1245
H0679,C0156
H0679,C0164
H0679,C0188
H0679,C0189
H0679,C0190
H0679,C0206
H0679,C0231
H0679,C0263
H0679,C0285
H0679,C0287
H0679,C0334
H0679,C0352
H0679,C0377
H0679,C0416
H0679,C0482
H0679,C0524
H0679,C0526
H0679,C0709
H0679,C0839
H0679,C1162
H0679,C1166
H0679,C1245
H0679,C1246
H0680,C0352
H0680,C0420
H0680,C1203
H0681,C0352
H0681,C0420
H0681,C1203
H0682,C0064
H0682,C0073
H0682,C0128
H0682,C0162
H0682,C0187
H0682,C0286
H0682,C0368
H0682,C0439
H0682,C0457
H0682,C0478
H0682,C0485
H0682,C0528
H0682,C0602
H0682,C1171
H0682,C1172
H0682,C1178
H0682,C1231
H0682,C1236
H0683,C0003
H0683,C0141
H0683,C0142
H0683,C0375
H0685,C0019
H0685,C0020
H0685,C0174
H0685,C0266
H0685,C0337
H0685,C0369
H0685,C0881
H0685,C1194
H0685,C1240
H0686,C0124
H0686,C0551
H0686,C0645
H0686,C1258
H0687,C0602
H0688,C0014
H0688,C0064
H0688,C0073
H0688,C0116
H0688,C0190
H0688,C0263
H0688,C0287
H0688,C0479
H0688,C0853
H0688,C1030
H0688,C1166
H0688,C1178
H0688,C1243
H0688,C1258
H0689,C0041
H0689,C0198
H0689,C0306
H0689,C1240
H0695,C0077
H0695,C0090
H0695,C0189
H0695,C0199
H0695,C0263
H0695,C0285
H0695,C0416
H0695,C0478
H0695,C0479
H0695,C0520
H0695,C0622
H0695,C0745
H0695,C0786
H0695,C1092
H0695,C1181
H0695,C1197
H0696,C0037
H0696,C0086
H0696,C0156
H0696,C0164
H0696,C0321
H0696,C0352
H0696,C0420
H0696,C0449
H0696,C0653
H0696,C0914
H0696,C0935
H0696,C1166
H0698,C0050
H0698,C0114
H0698,C0262
H0698,C0352
H0698,C1178
H0698,C1203
H0698,C1220
H0698,C1241
H0700,C0077
H0700,C0156
H0700,C0159
H0700,C0206
H0700,C0291
H0700,C0333
H0700,C0632
H0700,C1178
H0700,C1203
H0700,C1258
H0702,C0026
H0702,C0067
H0702,C0107
H0702,C0262
H0702,C0377
H0702,C1224
H0702,C1236
H0703,C0090
H0703,C1181
H0704,C0053
H0704,C0073
H0704,C0148
H0704,C0162
H0704,C0187
H0704,C0257
H0704,C0263
H0704,C0286
H0704,C0299
H0704,C0300
H0704,C0376
H0704,C0439
H0704,C0460
H0704,C0465
H0704,C0602
H0704,C1171
H0704,C1172
H0704,C1178
H0704,C1231
H0705,C0025
H0705,C0031
H0705,C0083
H0705,C0090
H0705,C0153
H0705,C0242
H0705,C0392
H0705,C0444
H0705,C0457
H0705,C0459
H0705,C0483
H0705,C0808
H0705,C1177
H0705,C1188
H0705,C1208
H0705,C1278
H0706,C0086
H0706,C0162
H0706,C0286
H0706,C0439
H0706,C0602
H0706,C0617
H0706,C1171
H0706,C1183
H0707,C0164
H0707,C0198
H0707,C0199
H0707,C0399
H0707,C0449
H0707,C0914
H0707,C0919
H0707,C1166
H0707,C1178
H0708,C0164
H0708,C0198
H0708,C0199
H0708,C0399
H0708,C0449
H0708,C0914
H0708,C0919
H0708,C1166
H0708,C1178
H0709,C0017
H0709,C0357
H0709,C0482
H0710,C0164
H0710,C0198
H0710,C0199
H0710,C0399
H0710,C0449
H0710,C0914
H0710,C0919
H0710,C1166
H0710,C1178
H0711,C0164
H0711,C0198
H0711,C0199
H0711,C0399
H0711,C0449
H0711,C0914
H0711,C0919
H0711,C1166
H0711,C1178
H0712,C0016
H0712,C0392
H0712,C0478
H0712,C1178
H0713,C0084
H0713,C0124
H0713,C0125
H0713,C0190
H0713,C0262
H0713,C0285
H0713,C0340
H0713,C0416
H0713,C0569
H0713,C0690
H0713,C0853
H0713,C0863
H0713,C0864
H0713,C0914
H0713,C1030
H0713,C1219
H0713,C1236
H0714,C0064
H0714,C0086
H0714,C0094
H0714,C0107
H0714,C0133
H0714,C0156
H0714,C0189
H0714,C0190
H0714,C0258
H0714,C0263
H0714,C0285
H0714,C0287
H0714,C0337
H0714,C0352
H0714,C0377
H0714,C0416
H0714,C0420
H0714,C0447
H0714,C0471
H0714,C0479
H0714,C0485
H0714,C0504
H0714,C0548
H0714,C0709
H0714,C0839
H0714,C0863
H0714,C0931
H0714,C1125
H0714,C1236
H0714,C1246
H0715,C0084
H0715,C0190
H0715,C0262
H0715,C0285
H0715,C0291
H0715,C0416
H0715,C0476
H0715,C0478
H0715,C0569
H0715,C0749
H0715,C0853
H0715,C0863
H0715,C1030
H0715,C1178
H0715,C1219
H0716,C0011
H0716,C0073
H0716,C0156
H0716,C0157
H0716,C0164
H0716,C0229
H0716,C0304
H0716,C0333
H0716,C0352
H0717,C0011
H0717,C0073
H0717,C0156
H0717,C0157
H0717,C0164
H0717,C0229
H0717,C0304
H0717,C0333
H0717,C0352
H0718,C0291
H0718,C0298
H0718,C0306
H0718,C0333
H0718,C0383
H0718,C1030
H0718,C1243
H0719,C0243
H0719,C0425
H0719,C0447
H0719,C0496
H0719,C0528
H0719,C0579
H0719,C0780
H0719,C0826
H0719,C1177
H0719,C1245
H0720,C0189
H0720,C0263
H0720,C0366
H0721,C0046
H0721,C0047
H0721,C0090
H0721,C0207
H0721,C0229
H0721,C0884
H0722,C0291
H0722,C0478
H0722,C0483
H0722,C1178
H0723,C0285
H0725,C0164
H0725,C0306
H0725,C0881
H0726,C0392
H0727,C0001
H0727,C0124
H0727,C0199
H0727,C0391
H0727,C0394
H0727,C0914
H0727,C1180
H0728,C0490
H0730,C0065
H0730,C0133
H0730,C0161
H0730,C0164
H0730,C0199
H0730,C0285
H0730,C0352
H0730,C0377
H0730,C0391
H0730,C0392
H0730,C0935
H0730,C1231
H0731,C0208
H0731,C0333
H0731,C0919
H0733,C0045
H0733,C0046
H0733,C0090
H0733,C0114
H0733,C0133
H0733,C0156
H0733,C0164
H0733,C0189
H0733,C0190
H0733,C0206
H0733,C0262
H0733,C0291
H0733,C0318
H0733,C0333
H0733,C0352
H0733,C0377
H0733,C0476
H0733,C0483
H0733,C0528
H0733,C0532
H0733,C0854
H0733,C1178
H0733,C1220
H0733,C1221
H0733,C1231
H0733,C1241
H0733,C1245
H0733,C1246
H0733,C1258
H0734,C0090
H0734,C0164
H0734,C0352
H0735,C0113
H0735,C0144
H0735,C0294
H0735,C0471
H0735,C1178
H0735,C1234
H0736,C0049
H0736,C0107
H0736,C0430
H0736,C0898
H0736,C1177
H0737,C0371
H0738,C0198
H0738,C0521
H0738,C1178
H0740,C0063
H0740,C0138
H0740,C0188
H0740,C0189
H0740,C0190
H0740,C0245
H0740,C0252
H0740,C0263
H0740,C0279
H0740,C0287
H0740,C0312
H0740,C0333
H0740,C0523
H0740,C0524
H0740,C0593
H0740,C0654
H0740,C0797
H0740,C1178
H0740,C1237
H0741,C0354
H0741,C1178
H0741,C1203
H0741,C1231
H0742,C0534
H0743,C0063
H0743,C0138
H0743,C0188
H0743,C0189
H0743,C0190
H0743,C0245
H0743,C0252
H0743,C0263
H0743,C0279
H0743,C0287
H0743,C0312
H0743,C0333
H0743,C0523
H0743,C0524
H0743,C1178
H0743,C1237
H0745,C0053
H0745,C0063
H0745,C0064
H0745,C0065
H0745,C0087
H0745,C0102
H0745,C0133
H0745,C0143
H0745,C0156
H0745,C0157
H0745,C0188
H0745,C0189
H0745,C0190
H0745,C0219
H0745,C0228
H0745,C0231
H0745,C0285
H0745,C0352
H0745,C0366
H0745,C0377
H0745,C0391
H0745,C0392
H0745,C0393
H0745,C0416
H0745,C0447
H0745,C0455
H0745,C0479
H0745,C0504
H0745,C0510
H0745,C0523
H0745,C0524
H0745,C0528
H0745,C0547
H0745,C0548
H0745,C0771
H0745,C0923
H0745,C1162
H0745,C1178
H0745,C1203
H0745,C1209
H0745,C1218
H0745,C1231
H0745,C1245
H0745,C1247
H0745,C1259
H0746,C0053
H0746,C0063
H0746,C0064
H0746,C0065
H0746,C0087
H0746,C0102
H0746,C0133
H0746,C0143
H0746,C0156
H0746,C0157
H0746,C0188
H0746,C0189
H0746,C0190
H0746,C0219
H0746,C0228
H0746,C0231
H0746,C0285
H0746,C0352
H0746,C0366
H0746,C0377
H0746,C0391
H0746,C0392
H0746,C0393
H0746,C0416
H0746,C0447
H0746,C0455
H0746,C0479
H0746,C0504
H0746,C0510
H0746,C0523
H0746,C0524
H0746,C0528
H0746,C0547
H0746,C0548
H0746,C0771
H0746,C0923
H0746,C1162
H0746,C1178
H0746,C1203
H0746,C1209
H0746,C1218
H0746,C1231
H0746,C1245
H0746,C1247
H0746,C1259
H0748,C0245
H0748,C0320
H0748,C0354
H0748,C0510
H0748,C0871
H0750,C0014
H0750,C0026
H0750,C0046
H0750,C0064
H0750,C0072
H0750,C0073
H0750,C0079
H0750,C0091
H0750,C0095
H0750,C0157
H0750,C0164
H0750,C0189
H0750,C0190
H0750,C0199
H0750,C0219
H0750,C0229
H0750,C0231
H0750,C0240
H0750,C0258
H0750,C0259
H0750,C0263
H0750,C0266
H0750,C0283
H0750,C0285
H0750,C0287
H0750,C0291
H0750,C0298
H0750,C0300
H0750,C0333
H0750,C0343
H0750,C0344
H0750,C0352
H0750,C0354
H0750,C0377
H0750,C0399
H0750,C0416
H0750,C0447
H0750,C0455
H0750,C0457
H0750,C0478
H0750,C0497
H0750,C0510
H0750,C0516
H0750,C0528
H0750,C0709
H0750,C0891
H0750,C0897
H0750,C0905
H0750,C0914
H0750,C0927
H0750,C1178
H0750,C1187
H0750,C1200
H0750,C1203
H0750,C1209
H0750,C1231
H0750,C1239
H0750,C1241
H0750,C1242
H0750,C1258
H0751,C0133
H0751,C0135
H0751,C0145
H0751,C0156
H0751,C0416
H0751,C0467
H0752,C0133
H0752,C0135
H0752,C0145
H0752,C0156
H0752,C0416
H0752,C0467
H0753,C0133
H0753,C0135
H0753,C0145
H0753,C0156
H0753,C0416
H0753,C0467
H0754,C0016
H0754,C0391
H0754,C0392
H0755,C0063
H0755,C0073
H0755,C0245
H0755,C0291
H0755,C0392
H0755,C0433
H0755,C0471
H0755,C0478
H0755,C0479
H0755,C0534
H0755,C1178
H0756,C0086
H0756,C0124
H0756,C0145
H0756,C0226
H0756,C0235
H0756,C0236
H0756,C0256
H0756,C0276
H0756,C0290
H0756,C0291
H0756,C0296
H0756,C0388
H0756,C0441
H0756,C0478
H0756,C0546
H0756,C1203
H0756,C1236
H0756,C1246
H0756,C1249
H0756,C1258
H0757,C0086
H0757,C0124
H0757,C0145
H0757,C0226
H0757,C0235
H0757,C0236
H0757,C0256
H0757,C0276
H0757,C0290
H0757,C0291
H0757,C0296
H0757,C0388
H0757,C0441
H0757,C0478
H0757,C0546
H0757,C0807
H0757,C1203
H0757,C1236
H0757,C1246
H0757,C1249
H0757,C1258
H0758,C0027
H0758,C0053
H0758,C0063
H0758,C0072
H0758,C0073
H0758,C0078
H0758,C0086
H0758,C0102
H0758,C0118
H0758,C0119
H0758,C0145
H0758,C0148
H0758,C0159
H0758,C0164
H0758,C0187
H0758,C0188
H0758,C0242
H0758,C0243
H0758,C0249
H0758,C0258
H0758,C0259
H0758,C0260
H0758,C0271
H0758,C0285
H0758,C0352
H0758,C0377
H0758,C0381
H0758,C0383
H0758,C0407
H0758,C0408
H0758,C0425
H0758,C0426
H0758,C0434
H0758,C0466
H0758,C0504
H0758,C0523
H0758,C0528
H0758,C0547
H0758,C0548
H0758,C0808
H0758,C0854
H0758,C0914
H0758,C0927
H0758,C1051
H0758,C1166
H0758,C1173
H0758,C1177
H0758,C1178
H0758,C1218
H0758,C1236
H0758,C1245
H0758,C1246
H0758,C1247
H0758,C1258
H0760,C0064
H0760,C0073
H0760,C0128
H0760,C0162
H0760,C0187
H0760,C0286
H0760,C0368
H0760,C0439
H0760,C0457
H0760,C0478
H0760,C0485
H0760,C0528
H0760,C0602
H0760,C1171
H0760,C1172
H0760,C1178
H0760,C1231
H0760,C1236
H0764,C0133
H0764,C0156
H0764,C0164
H0764,C0188
H0764,C0189
H0764,C0231
H0764,C0251
H0764,C0285
H0764,C0352
H0764,C0354
H0764,C0377
H0764,C0392
H0764,C0416
H0764,C0423
H0764,C0447
H0764,C0455
H0764,C0483
H0764,C0504
H0764,C0523
H0764,C0528
H0764,C0532
H0764,C0547
H0764,C0697
H0764,C0752
H0764,C0771
H0764,C0858
H0764,C1163
H0764,C1203
H0764,C1209
H0764,C1218
H0764,C1220
H0764,C1231
H0764,C1245
H0764,C1280
H0766,C0063
H0766,C0086
H0766,C0119
H0766,C0189
H0766,C0228
H0766,C0231
H0766,C0277
H0766,C0285
H0766,C1239
H0767,C0602
H0768,C0014
H0768,C0064
H0768,C0073
H0768,C0116
H0768,C0190
H0768,C0263
H0768,C0287
H0768,C0479
H0768,C0853
H0768,C1030
H0768,C1166
H0768,C1178
H0768,C1243
H0768,C1258
H0769,C0189
H0769,C0219
H0769,C0263
H0769,C0285
H0769,C0407
H0769,C0416
H0769,C0453
H0769,C0513
H0769,C0540
H0769,C0624
H0770,C0189
H0770,C0219
H0770,C0263
H0770,C0285
H0770,C0407
H0770,C0416
H0770,C0453
H0770,C0513
H0770,C0540
H0771,C0189
H0771,C0219
H0771,C0263
H0771,C0285
H0771,C0407
H0771,C0416
H0771,C0453
H0771,C0513
H0771,C0540
H0772,C0039
H0772,C0064
H0772,C0090
H0772,C0133
H0772,C0148
H0772,C0156
H0772,C0164
H0772,C0291
H0772,C0300
H0772,C0352
H0772,C0354
H0772,C0362
H0772,C0510
H0772,C0935
H0772,C1203
H0772,C1221
H0772,C1231
H0772,C1258
H0773,C0186
H0773,C0258
H0773,C0285
H0773,C0333
H0773,C0478
H0773,C0863
H0773,C1220
H0774,C0151
H0774,C0154
H0774,C0214
H0774,C0335
H0774,C0369
H0774,C1173
H0775,C0291
H0775,C0371
H0775,C0478
H0775,C1177
H0775,C1180
H0776,C1203
H0776,C1243
H0777,C0050
H0777,C0114
H0777,C0262
H0777,C0352
H0777,C1178
H0777,C1203
H0777,C1220
H0777,C1241
H0778,C0614
H0778,C1203
H0778,C1243
H0779,C0050
H0779,C0114
H0779,C0262
H0779,C0352
H0779,C1178
H0779,C1203
H0779,C1220
H0779,C1241
H0780,C0073
H0780,C1180
H0781,C0231
H0781,C0285
H0781,C1260
H0782,C0026
H0782,C0653
H0783,C0570
H0783,C0690
H0784,C0039
H0784,C0090
H0784,C0130
H0784,C0189
H0784,C0283
H0784,C0285
H0784,C0328
H0784,C0349
H0784,C0383
H0784,C0478
H0784,C0879
H0784,C1114
H0784,C1125
H0784,C1166
H0784,C1178
H0784,C1241
H0785,C0064
H0785,C0073
H0785,C0128
H0785,C0162
H0785,C0187
H0785,C0286
H0785,C0368
H0785,C0439
H0785,C0457
H0785,C0478
H0785,C0485
H0785,C0528
H0785,C0602
H0785,C1171
H0785,C1172
H0785,C1178
H0785,C1231
H0785,C1236
H0786,C0063
H0786,C0064
H0786,C0381
H0786,C0399
H0786,C0419
H0786,C0532
H0786,C0771
H0786,C1218
H0787,C0063
H0787,C0064
H0787,C0381
H0787,C0399
H0787,C0419
H0787,C0532
H0787,C0771
H0787,C1218
H0788,C0063
H0788,C0064
H0788,C0381
H0788,C0399
H0788,C0419
H0788,C0532
H0788,C0771
H0788,C1218
H0789,C0063
H0789,C0064
H0789,C0381
H0789,C0399
H0789,C0419
H0789,C0532
H0789,C0771
H0789,C1218
H0790,C0063
H0790,C0064
H0790,C0381
H0790,C0399
H0790,C0419
H0790,C0532
H0790,C0771
H0790,C1218
H0796,C0372
H0797,C0447
H0798,C0090
H0798,C0164
H0798,C0352
H0799,C0372
H0800,C0372
H0801,C0026
H0801,C0189
H0801,C0262
H0801,C0457
H0801,C0476
H0801,C1179
H0801,C1180
H0802,C0027
H0802,C0053
H0802,C0063
H0802,C0072
H0802,C0073
H0802,C0078
H0802,C0086
H0802,C0102
H0802,C0118
H0802,C0119
H0802,C0145
H0802,C0148
H0802,C0159
H0802,C0164
H0802,C0187
H0802,C0188
H0802,C0242
H0802,C0243
H0802,C0249
H0802,C0258
H0802,C0259
H0802,C0260
H0802,C0271
H0802,C0285
H0802,C0352
H0802,C0377
H0802,C0381
H0802,C0383
H0802,C0407
H0802,C0408
H0802,C0425
H0802,C0426
H0802,C0434
H0802,C0466
H0802,C0504
H0802,C0523
H0802,C0528
H0802,C0547
H0802,C0548
H0802,C0808
H0802,C0854
H0802,C0914
H0802,C0927
H0802,C1051
H0802,C1166
H0802,C1173
H0802,C1177
H0802,C1178
H0802,C1218
H0802,C1236
H0802,C1245
H0802,C1246
H0802,C1247
H0802,C1258
H0803,C0152
H0803,C0383
H0804,C0027
H0804,C0053
H0804,C0063
H0804,C0072
H0804,C0073
H0804,C0078
H0804,C0086
H0804,C0102
H0804,C0118
H0804,C0119
H0804,C0145
H0804,C0148
H0804,C0159
H0804,C0164
H0804,C0187
H0804,C0188
H0804,C0242
H0804,C0243
H0804,C0249
H0804,C0258
H0804,C0259
H0804,C0260
H0804,C0271
H0804,C0285
H0804,C0352
H0804,C0377
H0804,C0381
H0804,C0383
H0804,C0407
H0804,C0408
H0804,C0425
H0804,C0426
H0804,C0434
H0804,C0466
H0804,C0504
H0804,C0523
H0804,C0528
H0804,C0547
H0804,C0548
H0804,C0705
H0804,C0738
H0804,C0808
H0804,C0854
H0804,C0914
H0804,C0927
H0804,C1051
H0804,C1166
H0804,C1173
H0804,C1177
H0804,C1178
H0804,C1218
H0804,C1236
H0804,C1245
H0804,C1246
H0804,C1247
H0804,C1258
H0805,C0027
H0805,C0053
H0805,C0063
H0805,C0072
H0805,C0073
H0805,C0078
H0805,C0086
H0805,C0102
H0805,C0118
H0805,C0119
H0805,C0145
H0805,C0148
H0805,C0159
H0805,C0164
H0805,C0187
H0805,C0188
H0805,C0242
H0805,C0243
H0805,C0249
H0805,C0258
H0805,C0259
H0805,C0260
H0805,C0271
H0805,C0285
H0805,C0352
H0805,C0377
H0805,C0381
H0805,C0383
H0805,C0407
H0805,C0408
H0805,C0425
H0805,C0426
H0805,C0434
H0805,C0466
H0805,C0504
H0805,C0523
H0805,C0528
H0805,C0547
H0805,C0548
H0805,C0808
H0805,C0854
H0805,C0914
H0805,C0927
H0805,C1051
H0805,C1166
H0805,C1173
H0805,C1177
H0805,C1178
H0805,C1218
H0805,C1236
H0805,C1245
H0805,C1246
H0805,C1247
H0805,C1258
H0806,C0400
H0807,C0539
H0807,C1178
H0807,C1231
H0808,C0245
H0808,C0400
H0809,C0031
H0809,C0041
H0809,C0136
H0809,C0152
H0809,C0245
H0809,C0246
H0809,C0253
H0809,C0285
H0809,C0291
H0809,C0416
H0809,C0497
H0809,C0753
H0809,C0846
H0809,C1234
H0810,C0206
H0811,C0245
H0813,C0027
H0813,C0053
H0813,C0063
H0813,C0072
H0813,C0073
H0813,C0078
H0813,C0086
H0813,C0102
H0813,C0118
H0813,C0119
H0813,C0145
H0813,C0148
H0813,C0159
H0813,C0164
H0813,C0187
H0813,C0188
H0813,C0242
H0813,C0243
H0813,C0249
H0813,C0258
H0813,C0259
H0813,C0260
H0813,C0271
H0813,C0285
H0813,C0352
H0813,C0377
H0813,C0381
H0813,C0383
H0813,C0407
H0813,C0408
H0813,C0425
H0813,C0426
H0813,C0434
H0813,C0466
H0813,C0504
H0813,C0523
H0813,C0528
H0813,C0547
H0813,C0548
H0813,C0566
H0813,C0616
H0813,C0722
H0813,C0808
H0813,C0854
H0813,C0914
H0813,C0927
H0813,C1051
H0813,C1166
H0813,C1173
H0813,C1177
H0813,C1178
H0813,C1218
H0813,C1236
H0813,C1245
H0813,C1246
H0813,C1247
H0813,C1258
H0815,C0602
H0816,C0063
H0816,C0188
H0816,C0189
H0816,C0199
H0816,C0263
H0816,C0352
H0816,C0504
H0816,C0519
H0816,C0523
H0816,C0528
H0816,C0547
H0816,C0548
H0816,C0914
H0816,C1178
H0816,C1237
H0817,C0504
H0817,C0695
H0817,C0697
H0817,C0719
H0817,C1203
H0817,C1231
H0818,C0014
H0818,C0026
H0818,C0045
H0818,C0046
H0818,C0047
H0818,C0067
H0818,C0090
H0818,C0091
H0818,C0107
H0818,C0114
H0818,C0151
H0818,C0156
H0818,C0188
H0818,C0206
H0818,C0231
H0818,C0285
H0818,C0333
H0818,C0352
H0818,C0377
H0818,C0391
H0818,C0392
H0818,C0467
H0818,C0478
H0818,C0485
H0818,C0527
H0818,C0642
H0818,C0741
H0818,C0742
H0818,C0744
H0818,C0749
H0818,C0763
H0818,C0839
H0818,C0935
H0818,C1178
H0818,C1203
H0818,C1220
H0818,C1224
H0818,C1231
H0818,C1236
H0818,C1241
H0818,C1258
H0819,C0014
H0819,C0026
H0819,C0045
H0819,C0046
H0819,C0047
H0819,C0067
H0819,C0090
H0819,C0091
H0819,C0107
H0819,C0114
H0819,C0151
H0819,C0156
H0819,C0188
H0819,C0206
H0819,C0231
H0819,C0285
H0819,C0333
H0819,C0352
H0819,C0377
H0819,C0391
H0819,C0392
H0819,C0467
H0819,C0478
H0819,C0485
H0819,C0527
H0819,C0763
H0819,C0839
H0819,C0935
H0819,C1178
H0819,C1203
H0819,C1220
H0819,C1224
H0819,C1231
H0819,C1236
H0819,C1241
H0819,C1258
H0821,C0063
H0821,C0188
H0821,C0189
H0821,C0199
H0821,C0263
H0821,C0352
H0821,C0504
H0821,C0519
H0821,C0523
H0821,C0528
H0821,C0547
H0821,C0548
H0821,C0914
H0821,C1178
H0821,C1237
H0822,C0063
H0822,C0064
H0822,C0219
H0822,C0228
H0822,C0447
H0822,C0504
H0822,C0528
H0822,C0548
H0822,C1162
H0822,C1218
H0824,C0285
H0825,C0186
H0825,C0258
H0825,C0285
H0825,C0333
H0825,C0478
H0825,C0863
H0825,C1220
H0827,C0513
H0827,C0519
H0827,C1171
H0829,C0031
H0829,C1179
H0829,C1180
H0830,C0245
H0831,C0049
H0831,C0206
H0831,C0332
H0831,C0549
H0832,C0040
H0832,C0569
H0832,C1175
H0833,C0921
H0834,C0245
H0835,C0831
H0835,C1178
H0836,C0285
H0837,C0483
H0837,C1258
H0839,C0063
H0839,C0149
H0839,C0523
H0839,C1178
H0839,C1203
H0839,C1238
H0840,C0245
H0841,C0073
H0841,C0245
H0841,C0291
H0841,C0471
H0841,C0478
H0841,C0479
H0841,C0534
H0841,C1178
H0843,C0113
H0843,C0144
H0843,C0416
H0843,C0471
H0843,C0863
H0844,C0064
H0844,C0189
H0844,C0219
H0844,C0262
H0844,C0263
H0844,C0283
H0844,C0285
H0844,C0298
H0844,C0401
H0844,C0476
H0844,C0510
H0844,C0511
H0844,C0771
H0844,C0856
H0844,C0905
H0844,C1203
H0844,C1209
H0844,C1242
H0845,C0023
H0845,C0427
H0846,C0073
H0846,C0245
H0846,C0291
H0846,C0471
H0846,C0478
H0846,C0479
H0846,C0534
H0846,C1178
H0848,C0040
H0848,C0090
H0848,C0262
H0848,C0312
H0848,C0352
H0848,C0354
H0848,C0377
H0848,C0399
H0848,C0453
H0848,C1175
H0848,C1178
H0848,C1231
H0849,C0049
H0849,C0064
H0849,C0107
H0849,C0188
H0849,C0190
H0849,C0430
H0849,C0504
H0849,C0548
H0849,C0898
H0849,C1162
H0849,C1177
H0850,C0049
H0850,C0064
H0850,C0107
H0850,C0188
H0850,C0190
H0850,C0430
H0850,C0504
H0850,C0548
H0850,C0604
H0850,C0691
H0850,C0749
H0850,C0752
H0850,C0898
H0850,C1162
H0850,C1177
H0852,C0101
H0852,C1201
H0852,C1279
H0853,C0041
H0853,C0164
H0853,C0189
H0853,C0263
H0853,C0285
H0853,C0306
H0853,C0352
H0853,C0504
H0853,C0523
H0853,C0905
H0853,C1166
H0853,C1231
H0853,C1237
H0853,C1240
H0854,C0159
H0854,C0207
H0854,C0262
H0854,C0476
H0854,C0853
H0854,C0884
H0854,C0922
H0854,C1214
H0854,C1253
H0855,C0113
H0855,C0144
H0855,C0198
H0855,C0199
H0855,C0291
H0855,C0352
H0855,C0471
H0855,C0476
H0855,C0569
H0855,C0671
H0855,C0863
H0855,C0914
H0855,C1179
H0856,C0090
H0856,C0291
H0856,C0332
H0856,C0333
H0856,C1220
H0856,C1241
H0857,C0090
H0857,C0291
H0857,C0332
H0857,C0333
H0857,C1220
H0857,C1241
H0858,C0090
H0858,C0291
H0858,C0332
H0858,C0333
H0858,C1220
H0858,C1241
H0859,C0113
H0859,C0144
H0859,C0198
H0859,C0199
H0859,C0291
H0859,C0352
H0859,C0471
H0859,C0476
H0859,C0863
H0859,C0914
H0859,C1179
H0860,C0090
H0860,C0291
H0860,C0332
H0860,C0333
H0860,C1220
H0860,C1241
H0861,C0918
H0862,C0154
H0862,C0214
H0862,C0392
H0863,C0054
H0863,C0392
H0863,C0467
H0863,C0512
H0863,C1019
H0864,C0375
H0865,C0154
H0865,C0214
H0865,C0392
H0866,C0025
H0866,C0031
H0866,C1177
H0867,C0206
H0867,C0446
H0867,C1030
H0867,C1219
H0868,C0039
H0868,C0073
H0868,C0090
H0868,C0094
H0868,C0114
H0868,C0151
H0868,C0154
H0868,C0156
H0868,C0214
H0868,C0251
H0868,C0271
H0868,C0335
H0868,C0392
H0868,C0447
H0868,C0495
H0868,C0906
H0868,C0935
H0868,C1173
H0868,C1231
H0869,C0189
H0869,C0190
H0869,C0263
H0869,C0285
H0869,C0305
H0869,C0416
H0869,C0524
H0869,C0612
H0869,C0651
H0869,C0685
H0869,C0701
H0869,C1231
H0870,C1231
H0871,C0037
H0871,C0086
H0871,C0156
H0871,C0164
H0871,C0262
H0871,C0321
H0871,C0352
H0871,C0420
H0871,C0449
H0871,C0476
H0871,C0539
H0871,C0653
H0871,C0914
H0871,C0935
H0871,C1166
H0871,C1178
H0871,C1203
H0871,C1231
H0872,C0064
H0872,C0073
H0872,C0128
H0872,C0162
H0872,C0187
H0872,C0286
H0872,C0368
H0872,C0439
H0872,C0457
H0872,C0478
H0872,C0485
H0872,C0528
H0872,C0602
H0872,C1171
H0872,C1172
H0872,C1178
H0872,C1231
H0872,C1236
H0873,C0910
H0873,C1178
H0878,C0189
H0878,C0190
H0878,C0263
H0878,C0285
H0878,C0305
H0878,C0416
H0878,C0524
H0878,C0612
H0878,C0651
H0878,C0701
H0878,C1231
H0879,C0225
H0879,C0259
H0879,C0285
H0880,C0042
H0880,C0126
H0880,C0203
H0881,C0094
H0881,C0151
H0881,C0270
H0881,C0271
H0881,C0366
H0881,C0416
H0881,C0504
H0881,C0510
H0881,C0523
H0881,C0524
H0881,C1174
H0881,C1258
H0882,C0886
H0884,C0684
H0884,C1277
H0886,C0073
H0886,C0156
H0886,C0199
H0886,C0285
H0886,C0287
H0886,C0455
H0886,C0485
H0886,C0513
H0886,C0549
H0886,C0661
H0886,C0899
H0886,C0914
H0886,C1203
H0886,C1231
H0887,C0073
H0887,C0156
H0887,C0199
H0887,C0285
H0887,C0287
H0887,C0455
H0887,C0485
H0887,C0513
H0887,C0549
H0887,C0899
H0887,C0914
H0887,C1203
H0887,C1231
H0888,C0189
H0888,C0190
H0888,C0263
H0888,C0285
H0888,C0305
H0888,C0416
H0888,C0524
H0888,C1231
H0889,C0073
H0889,C0156
H0889,C0199
H0889,C0285
H0889,C0287
H0889,C0455
H0889,C0485
H0889,C0513
H0889,C0549
H0889,C0899
H0889,C0914
H0889,C1203
H0889,C1231
H0890,C0073
H0890,C0156
H0890,C0199
H0890,C0285
H0890,C0287
H0890,C0455
H0890,C0485
H0890,C0513
H0890,C0549
H0890,C0899
H0890,C0914
H0890,C1203
H0890,C1231
H0891,C0064
H0891,C0267
H0891,C0485
H0891,C1203
H0891,C1218
H0891,C1231
H0892,C0073
H0892,C0087
H0892,C0186
H0892,C0188
H0892,C0189
H0892,C0219
H0892,C0258
H0892,C0263
H0892,C0285
H0892,C0333
H0892,C0447
H0892,C0479
H0892,C0489
H0892,C0523
H0892,C0528
H0892,C0548
H0892,C0562
H0892,C0573
H0892,C0583
H0892,C0598
H0892,C0610
H0892,C0677
H0892,C0732
H0892,C1203
H0892,C1231
H0892,C1240
H0892,C1247
H0893,C0073
H0893,C0087
H0893,C0186
H0893,C0188
H0893,C0189
H0893,C0219
H0893,C0258
H0893,C0263
H0893,C0285
H0893,C0333
H0893,C0447
H0893,C0479
H0893,C0489
H0893,C0523
H0893,C0528
H0893,C0548
H0893,C1203
H0893,C1231
H0893,C1240
H0893,C1247
H0896,C0306
H0898,C0139
H0898,C0156
H0898,C0458
H0899,C0139
H0899,C0156
H0899,C0458
H0900,C0073
H0900,C0291
H0900,C0478
H0900,C0545
H0900,C1258
H0902,C0164
H0902,C0352
H0902,C0377
H0902,C0392
H0902,C0476
H0902,C0479
H0902,C0545
H0902,C0547
H0902,C1092
H0902,C1178
H0902,C1209
H0903,C0063
H0903,C0086
H0903,C0206
H0903,C0259
H0903,C0419
H0903,C0510
H0903,C0854
H0903,C0880
H0903,C1162
H0903,C1245
H0904,C0073
H0904,C0115
H0905,C0268
H0906,C0101
H0906,C1276
H0908,C0262
H0908,C0352
H0908,C0354
H0908,C0400
H0908,C0416
H0908,C0569
H0908,C0833
H0909,C0262
H0909,C0352
H0909,C0354
H0909,C0400
H0909,C0416
H0910,C0262
H0910,C0352
H0910,C0354
H0910,C0400
H0910,C0416
H0911,C0603
H0911,C0752
H0912,C0262
H0912,C0352
H0912,C0354
H0912,C0400
H0912,C0416
H0913,C0262
H0913,C0352
H0913,C0354
H0913,C0400
H0913,C0416
H0914,C0011
H0914,C0872
H0916,C0011
H0916,C0872
H0917,C0231
H0918,C0164
H0918,C0198
H0918,C0199
H0918,C0399
H0918,C0449
H0918,C0914
H0918,C0919
H0918,C1166
H0918,C1178
H0921,C0030
H0921,C0285
H0921,C0306
H0921,C0478
H0921,C0505
H0923,C0332
H0923,C0333
H0923,C0488
H0925,C0090
H0925,C0091
H0925,C0114
H0925,C0150
H0925,C0306
H0925,C0426
H0925,C0532
H0925,C0639
H0925,C0920
H0925,C1220
H0925,C1240
H0925,C1241
H0926,C0041
H0926,C0045
H0926,C0073
H0926,C0090
H0926,C0110
H0926,C0114
H0926,C0119
H0926,C0126
H0926,C0203
H0926,C0243
H0926,C0306
H0926,C0308
H0926,C0339
H0926,C0356
H0926,C0363
H0926,C0364
H0926,C0369
H0926,C0377
H0926,C0397
H0926,C0618
H0926,C0714
H0926,C0775
H0926,C0881
H0926,C0912
H0926,C1114
H0926,C1125
H0926,C1203
H0926,C1220
H0926,C1240
H0926,C1241
H0926,C1243
H0927,C0041
H0927,C0045
H0927,C0073
H0927,C0090
H0927,C0110
H0927,C0114
H0927,C0119
H0927,C0126
H0927,C0203
H0927,C0243
H0927,C0306
H0927,C0308
H0927,C0339
H0927,C0356
H0927,C0363
H0927,C0364
H0927,C0369
H0927,C0377
H0927,C0397
H0927,C0881
H0927,C0912
H0927,C1114
H0927,C1125
H0927,C1203
H0927,C1220
H0927,C1240
H0927,C1241
H0927,C1243
H0928,C0041
H0928,C0045
H0928,C0073
H0928,C0090
H0928,C0110
H0928,C0114
H0928,C0119
H0928,C0126
H0928,C0203
H0928,C0243
H0928,C0306
H0928,C0308
H0928,C0339
H0928,C0356
H0928,C0363
H0928,C0364
H0928,C0369
H0928,C0377
H0928,C0397
H0928,C0881
H0928,C0912
H0928,C1114
H0928,C1125
H0928,C1203
H0928,C1220
H0928,C1240
H0928,C1241
H0928,C1243
H0929,C1178
H0930,C0014
H0930,C0026
H0930,C0124
H0931,C0014
H0931,C0026
H0931,C0124
H0933,C0014
H0933,C0026
H0933,C0124
H0933,C0701
H0933,C0749
H0933,C0752
H0934,C0039
H0934,C0202
H0934,C0333
H0935,C1162
H0936,C0462
H0938,C0011
H0938,C0073
H0938,C0102
H0938,C0155
H0938,C0164
H0938,C0291
H0938,C0333
H0938,C0345
H0938,C0346
H0938,C0347
H0938,C0348
H0938,C0352
H0938,C0396
H0938,C0407
H0938,C0437
H0938,C0478
H0938,C0560
H0938,C0600
H0938,C0846
H0938,C0855
H0938,C0867
H0938,C0872
H0938,C0874
H0938,C0889
H0938,C0902
H0938,C0927
H0938,C0931
H0938,C1203
H0938,C1245
H0938,C1258
H0939,C0114
H0939,C0333
H0939,C0467
H0939,C0478
H0939,C0659
H0939,C0916
H0939,C1178
H0939,C1220
H0939,C1231
H0939,C1241
H0943,C0049
H0943,C0107
H0943,C0430
H0943,C0898
H0943,C1177
H0944,C0067
H0944,C0101
H0944,C0124
H0944,C0152
H0944,C0168
H0944,C0340
H0944,C0382
H0944,C0412
H0944,C0513
H0944,C0815
H0944,C0914
H0944,C1260
H0944,C1266
H0944,C1267
H0944,C1278
H0944,C1279
H0945,C0145
H0945,C0491
H0945,C0779
H0946,C0547
H0946,C0798
H0947,C0154
H0947,C0214
H0947,C0259
H0947,C1173
H0948,C0219
H0949,C0023
H0949,C0073
H0949,C0080
H0949,C0083
H0949,C0101
H0949,C0149
H0949,C0153
H0949,C0156
H0949,C0159
H0949,C0164
H0949,C0189
H0949,C0190
H0949,C0198
H0949,C0199
H0949,C0216
H0949,C0223
H0949,C0262
H0949,C0263
H0949,C0332
H0949,C0333
H0949,C0352
H0949,C0374
H0949,C0385
H0949,C0416
H0949,C0420
H0949,C0427
H0949,C0428
H0949,C0476
H0949,C0478
H0949,C0482
H0949,C0648
H0949,C0682
H0949,C0712
H0949,C0749
H0949,C0821
H0949,C0935
H0949,C1125
H0949,C1178
H0949,C1180
H0949,C1203
H0949,C1220
H0949,C1231
H0949,C1239
H0949,C1241
H0949,C1263
H0950,C0023
H0950,C0073
H0950,C0080
H0950,C0083
H0950,C0101
H0950,C0149
H0950,C0153
H0950,C0156
H0950,C0159
H0950,C0164
H0950,C0189
H0950,C0190
H0950,C0198
H0950,C0199
H0950,C0216
H0950,C0223
H0950,C0262
H0950,C0263
H0950,C0332
H0950,C0333
H0950,C0352
H0950,C0374
H0950,C0385
H0950,C0416
H0950,C0420
H0950,C0427
H0950,C0428
H0950,C0476
H0950,C0478
H0950,C0482
H0950,C0935
H0950,C1125
H0950,C1178
H0950,C1180
H0950,C1203
H0950,C1220
H0950,C1231
H0950,C1239
H0950,C1241
H0950,C1263
H0951,C0023
H0951,C0073
H0951,C0080
H0951,C0083
H0951,C0101
H0951,C0149
H0951,C0153
H0951,C0156
H0951,C0159
H0951,C0164
H0951,C0189
H0951,C0190
H0951,C0198
H0951,C0199
H0951,C0216
H0951,C0223
H0951,C0262
H0951,C0263
H0951,C0332
H0951,C0333
H0951,C0352
H0951,C0374
H0951,C0385
H0951,C0416
H0951,C0420
H0951,C0427
H0951,C0428
H0951,C0476
H0951,C0478
H0951,C0482
H0951,C0935
H0951,C1125
H0951,C1178
H0951,C1180
H0951,C1203
H0951,C1220
H0951,C1231
H0951,C1239
H0951,C1241
H0951,C1263
H0952,C0067
H0952,C0101
H0952,C0124
H0952,C0152
H0952,C0168
H0952,C0340
H0952,C0382
H0952,C0412
H0952,C0513
H0952,C0815
H0952,C0914
H0952,C1260
H0952,C1266
H0952,C1267
H0952,C1278
H0952,C1279
H0953,C0219
H0954,C0153
H0954,C0159
H0954,C0483
H0954,C1203
H0954,C1231
H0955,C0002
H0955,C0014
H0955,C0016
H0955,C0031
H0955,C0053
H0955,C0060
H0955,C0073
H0955,C0081
H0955,C0086
H0955,C0094
H0955,C0143
H0955,C0148
H0955,C0151
H0955,C0186
H0955,C0188
H0955,C0189
H0955,C0190
H0955,C0204
H0955,C0214
H0955,C0219
H0955,C0240
H0955,C0245
H0955,C0250
H0955,C0251
H0955,C0258
H0955,C0261
H0955,C0263
H0955,C0285
H0955,C0291
H0955,C0300
H0955,C0333
H0955,C0335
H0955,C0381
H0955,C0392
H0955,C0420
H0955,C0478
H0955,C0479
H0955,C0489
H0955,C0504
H0955,C0513
H0955,C0522
H0955,C0523
H0955,C0524
H0955,C0528
H0955,C0555
H0955,C0562
H0955,C0563
H0955,C0584
H0955,C0585
H0955,C0593
H0955,C0709
H0955,C0732
H0955,C0749
H0955,C0782
H0955,C0839
H0955,C0863
H0955,C0867
H0955,C0906
H0955,C1092
H0955,C1173
H0955,C1178
H0955,C1200
H0955,C1203
H0955,C1208
H0955,C1218
H0955,C1231
H0955,C1246
H0955,C1247
H0956,C0002
H0956,C0014
H0956,C0016
H0956,C0031
H0956,C0053
H0956,C0060
H0956,C0073
H0956,C0081
H0956,C0086
H0956,C0094
H0956,C0143
H0956,C0148
H0956,C0151
H0956,C0186
H0956,C0188
H0956,C0189
H0956,C0190
H0956,C0204
H0956,C0214
H0956,C0219
H0956,C0240
H0956,C0245
H0956,C0250
H0956,C0251
H0956,C0258
H0956,C0261
H0956,C0263
H0956,C0285
H0956,C0291
H0956,C0300
H0956,C0333
H0956,C0335
H0956,C0381
H0956,C0392
H0956,C0420
H0956,C0478
H0956,C0479
H0956,C0489
H0956,C0504
H0956,C0513
H0956,C0522
H0956,C0523
H0956,C0524
H0956,C0528
H0956,C0709
H0956,C0839
H0956,C0863
H0956,C0867
H0956,C0906
H0956,C1092
H0956,C1173
H0956,C1178
H0956,C1200
H0956,C1203
H0956,C1208
H0956,C1218
H0956,C1231
H0956,C1246
H0956,C1247
H0958,C0090
H0958,C0119
H0958,C0133
H0958,C0156
H0958,C0164
H0958,C0229
H0958,C0245
H0958,C0291
H0958,C0300
H0958,C0352
H0958,C0421
H0958,C0429
H0958,C0467
H0958,C0482
H0958,C0504
H0958,C0524
H0958,C0563
H0958,C0582
H0958,C0583
H0958,C0597
H0958,C0601
H0958,C0639
H0958,C0679
H0958,C0697
H0958,C0710
H0958,C0749
H0958,C0750
H0958,C0935
H0958,C1178
H0958,C1246
H0959,C0039
H0959,C1241
H0960,C0090
H0960,C0119
H0960,C0133
H0960,C0156
H0960,C0164
H0960,C0229
H0960,C0245
H0960,C0291
H0960,C0300
H0960,C0352
H0960,C0421
H0960,C0429
H0960,C0467
H0960,C0482
H0960,C0504
H0960,C0524
H0960,C0639
H0960,C0935
H0960,C1178
H0960,C1246
H0961,C0027
H0961,C0086
H0961,C0119
H0961,C0145
H0961,C0466
H0961,C0644
H0961,C0704
H0961,C0854
H0961,C1236
H0962,C0340
H0962,C0482
H0962,C0619
H0962,C0666
H0962,C0879
H0962,C1210
H0963,C0061
H0963,C0382
H0963,C0391
H0963,C0476
H0963,C0478
H0963,C1178
H0964,C0206
H0964,C0446
H0964,C1030
H0964,C1219
H0965,C0050
H0965,C0199
H0965,C0216
H0965,C0242
H0965,C0394
H0965,C0395
H0965,C0498
H0965,C0808
H0965,C0914
H0965,C0935
H0965,C1125
H0965,C1203
H0965,C1231
H0967,C0039
H0967,C0133
H0967,C0156
H0967,C0189
H0967,C0251
H0967,C0301
H0967,C0333
H0967,C0352
H0967,C0399
H0967,C0476
H0967,C0482
H0967,C0513
H0967,C0532
H0967,C1178
H0967,C1180
H0967,C1181
H0967,C1231
H0967,C1259
H0968,C0063
H0968,C0064
H0968,C0102
H0968,C0148
H0968,C0188
H0968,C0198
H0968,C0203
H0968,C0205
H0968,C0219
H0968,C0283
H0968,C0381
H0968,C0504
H0968,C0513
H0968,C0523
H0968,C0528
H0968,C0547
H0968,C0771
H0968,C1178
H0968,C1180
H0968,C1209
H0969,C0124
H0969,C0190
H0972,C0073
H0972,C0084
H0972,C0090
H0972,C0094
H0972,C0189
H0972,C0206
H0972,C0231
H0972,C0258
H0972,C0263
H0972,C0285
H0972,C0287
H0972,C0291
H0972,C0333
H0972,C0383
H0972,C0416
H0972,C0420
H0972,C0467
H0972,C0471
H0972,C0479
H0972,C0524
H0972,C0568
H0972,C0569
H0972,C0642
H0972,C0690
H0972,C0853
H0972,C0863
H0972,C1030
H0972,C1166
H0972,C1219
H0972,C1243
H0973,C0073
H0973,C0084
H0973,C0090
H0973,C0094
H0973,C0189
H0973,C0206
H0973,C0231
H0973,C0258
H0973,C0263
H0973,C0285
H0973,C0287
H0973,C0291
H0973,C0333
H0973,C0383
H0973,C0416
H0973,C0420
H0973,C0467
H0973,C0471
H0973,C0479
H0973,C0524
H0973,C0853
H0973,C0863
H0973,C1030
H0973,C1166
H0973,C1219
H0973,C1243
H0974,C0014
H0974,C0039
H0974,C0090
H0974,C0133
H0974,C0145
H0974,C0156
H0974,C0164
H0974,C0198
H0974,C0199
H0974,C0285
H0974,C0303
H0974,C0352
H0974,C0377
H0974,C0392
H0974,C0423
H0974,C0488
H0974,C0526
H0974,C0914
H0974,C0935
H0974,C1178
H0974,C1252
H0975,C0014
H0975,C0039
H0975,C0090
H0975,C0133
H0975,C0145
H0975,C0156
H0975,C0164
H0975,C0198
H0975,C0199
H0975,C0285
H0975,C0303
H0975,C0352
H0975,C0377
H0975,C0392
H0975,C0423
H0975,C0488
H0975,C0526
H0975,C0914
H0975,C0935
H0975,C1178
H0975,C1252
H0976,C0077
H0976,C0201
H0976,C0243
H0976,C0425
H0976,C0447
H0976,C1218
H0977,C0420
H0977,C0482
H0977,C0521
H0977,C0534
H0977,C0552
H0977,C0558
H0977,C0634
H0977,C0726
H0977,C0895
H0978,C0156
H0978,C0164
H0978,C0253
H0978,C0352
H0978,C0377
H0978,C0935
H0979,C0026
H0979,C0090
H0979,C0101
H0979,C0133
H0979,C0151
H0979,C0156
H0979,C0510
H0979,C0935
H0979,C1220
H0979,C1241
H0980,C0026
H0980,C0090
H0980,C0101
H0980,C0133
H0980,C0151
H0980,C0156
H0980,C0510
H0980,C0935
H0980,C1220
H0980,C1241
H0981,C0144
H0981,C0185
H0981,C0334
H0981,C0420
H0981,C1208
H0981,C1278
H0982,C0420
H0982,C0482
H0982,C0521
H0982,C0534
H0983,C0392
H0984,C0392
H0985,C0483
H0985,C1258
H0986,C0401
H0987,C0420
H0987,C0482
H0987,C0521
H0987,C0534
H0989,C0046
H0989,C0114
H0989,C0159
H0989,C0262
H0989,C0423
H0989,C0476
H0989,C0483
H0989,C0513
H0989,C1179
H0989,C1180
H0989,C1241
H0990,C0039
H0990,C0063
H0990,C0064
H0990,C0082
H0990,C0090
H0990,C0148
H0990,C0164
H0990,C0188
H0990,C0229
H0990,C0262
H0990,C0263
H0990,C0352
H0990,C0368
H0990,C0416
H0990,C0447
H0990,C0476
H0990,C0479
H0990,C0504
H0990,C0523
H0990,C0528
H0990,C0547
H0990,C0548
H0990,C0613
H0990,C0619
H0990,C0880
H0990,C0905
H0990,C1162
H0990,C1203
H0990,C1242
H0991,C0420
H0991,C0482
H0991,C0521
H0991,C0534
H0993,C0064
H0994,C0064
H0996,C1051
H0997,C1051
H0998,C0041
H0998,C0045
H0998,C0090
H0998,C0126
H0998,C0189
H0998,C0190
H0998,C0203
H0998,C0231
H0998,C0245
H0998,C0263
H0998,C0285
H0998,C0287
H0998,C0306
H0998,C0369
H0998,C0377
H0998,C0416
H0998,C0423
H0998,C0459
H0998,C0504
H0998,C0534
H0998,C0881
H0998,C1178
H0998,C1240
H0999,C0245
H0999,C0459
H1000,C0041
H1000,C0045
H1000,C0090
H1000,C0126
H1000,C0189
H1000,C0190
H1000,C0203
H1000,C0231
H1000,C0245
H1000,C0263
H1000,C0285
H1000,C0287
H1000,C0306
H1000,C0369
H1000,C0377
H1000,C0416
H1000,C0423
H1000,C0459
H1000,C0504
H1000,C0534
H1000,C0881
H1000,C1178
H1000,C1240
H1002,C0332
H1003,C0332
H1004,C0026
H1004,C0045
H1004,C0046
H1004,C0047
H1004,C0091
H1004,C0114
H1004,C0143
H1004,C0245
H1004,C0262
H1004,C0442
H1004,C0443
H1004,C0457
H1004,C0476
H1004,C0526
H1004,C1177
H1004,C1179
H1004,C1180
H1004,C1205
H1004,C1231
H1004,C1241
H1004,C1245
H1005,C0063
H1005,C0064
H1005,C0102
H1005,C0188
H1005,C0381
H1005,C0423
H1005,C0478
H1005,C0504
H1005,C0523
H1005,C0528
H1005,C0547
H1005,C0548
H1005,C0771
H1005,C1209
H1005,C1245
H1005,C1247
H1007,C0067
H1007,C0101
H1007,C0124
H1007,C0152
H1007,C0168
H1007,C0340
H1007,C0382
H1007,C0412
H1007,C0513
H1007,C0815
H1007,C0914
H1007,C1260
H1007,C1266
H1007,C1267
H1007,C1278
H1007,C1279
H1009,C0039
H1009,C0073
H1009,C0090
H1009,C0094
H1009,C0114
H1009,C0151
H1009,C0154
H1009,C0156
H1009,C0214
H1009,C0251
H1009,C0271
H1009,C0335
H1009,C0392
H1009,C0447
H1009,C0495
H1009,C0683
H1009,C0697
H1009,C0906
H1009,C0935
H1009,C1173
H1009,C1231
H1010,C0014
H1010,C0064
H1010,C0086
H1010,C0133
H1010,C0164
H1010,C0173
H1010,C0183
H1010,C0185
H1010,C0189
H1010,C0199
H1010,C0204
H1010,C0206
H1010,C0209
H1010,C0251
H1010,C0262
H1010,C0263
H1010,C0285
H1010,C0291
H1010,C0298
H1010,C0333
H1010,C0340
H1010,C0350
H1010,C0352
H1010,C0368
H1010,C0414
H1010,C0416
H1010,C0420
H1010,C0429
H1010,C0448
H1010,C0478
H1010,C0547
H1010,C0548
H1010,C0607
H1010,C0845
H1010,C0853
H1010,C0905
H1010,C0914
H1010,C0931
H1010,C0934
H1010,C1162
H1010,C1178
H1010,C1201
H1010,C1203
H1010,C1231
H1010,C1242
H1010,C1246
H1011,C0040
H1011,C0041
H1011,C0073
H1011,C0102
H1011,C0137
H1011,C0189
H1011,C0190
H1011,C0251
H1011,C0263
H1011,C0285
H1011,C0306
H1011,C0369
H1011,C0416
H1011,C0419
H1011,C0450
H1011,C0709
H1011,C1162
H1011,C1178
H1011,C1203
H1011,C1231
H1011,C1240
H1011,C1243
H1012,C0145
H1013,C0479
H1014,C0129
H1014,C0539
H1015,C0053
H1015,C0072
H1015,C0073
H1015,C0114
H1015,C0156
H1015,C0164
H1015,C0189
H1015,C0190
H1015,C0215
H1015,C0258
H1015,C0267
H1015,C0285
H1015,C0314
H1015,C0333
H1015,C0349
H1015,C0352
H1015,C0377
H1015,C0416
H1015,C0423
H1015,C0476
H1015,C0485
H1015,C0513
H1015,C0527
H1015,C0528
H1015,C0539
H1015,C0548
H1015,C0594
H1015,C0642
H1015,C0935
H1015,C1030
H1015,C1114
H1015,C1175
H1015,C1178
H1015,C1179
H1015,C1180
H1015,C1203
H1015,C1219
H1015,C1220
H1015,C1231
H1015,C1241
H1015,C1258
H1016,C0053
H1016,C0072
H1016,C0073
H1016,C0114
H1016,C0156
H1016,C0164
H1016,C0189
H1016,C0190
H1016,C0215
H1016,C0258
H1016,C0267
H1016,C0285
H1016,C0314
H1016,C0333
H1016,C0349
H1016,C0352
H1016,C0377
H1016,C0416
H1016,C0423
H1016,C0476
H1016,C0485
H1016,C0513
H1016,C0527
H1016,C0528
H1016,C0539
H1016,C0548
H1016,C0935
H1016,C1030
H1016,C1114
H1016,C1175
H1016,C1178
H1016,C1179
H1016,C1180
H1016,C1203
H1016,C1219
H1016,C1220
H1016,C1231
H1016,C1241
H1016,C1258
H1017,C0053
H1017,C0072
H1017,C0073
H1017,C0114
H1017,C0156
H1017,C0164
H1017,C0189
H1017,C0190
H1017,C0215
H1017,C0258
H1017,C0267
H1017,C0285
H1017,C0314
H1017,C0333
H1017,C0349
H1017,C0352
H1017,C0377
H1017,C0416
H1017,C0423
H1017,C0476
H1017,C0485
H1017,C0513
H1017,C0527
H1017,C0528
H1017,C0539
H1017,C0548
H1017,C0935
H1017,C1030
H1017,C1114
H1017,C1175
H1017,C1178
H1017,C1179
H1017,C1180
H1017,C1203
H1017,C1219
H1017,C1220
H1017,C1231
H1017,C1241
H1017,C1258
H1019,C0073
H1019,C0124
H1019,C0285
H1019,C0332
H1019,C0333
H1019,C0352
H1019,C0455
H1019,C0457
H1019,C0478
H1019,C0535
H1019,C0749
H1019,C1178
H1019,C1203
H1019,C1231
H1020,C0073
H1020,C0124
H1020,C0285
H1020,C0332
H1020,C0333
H1020,C0352
H1020,C0455
H1020,C0457
H1020,C0478
H1020,C0535
H1020,C1178
H1020,C1203
H1020,C1231
H1022,C0014
H1022,C0063
H1022,C0291
H1022,C0419
H1022,C0504
H1022,C0523
H1022,C0564
H1022,C0603
H1022,C0752
H1022,C1258
H1023,C0107
H1026,C0041
H1026,C0164
H1026,C0189
H1026,C0263
H1026,C0285
H1026,C0306
H1026,C0352
H1026,C0504
H1026,C0523
H1026,C0905
H1026,C1166
H1026,C1231
H1026,C1237
H1026,C1240
H1027,C0064
H1027,C0090
H1027,C0922
H1028,C0164
H1028,C0306
H1028,C0618
H1028,C0881
H1029,C0045
H1029,C0046
H1029,C0047
H1029,C0091
H1029,C0114
H1029,C0148
H1029,C0164
H1029,C0245
H1029,C0291
H1029,C0300
H1029,C0352
H1029,C0455
H1029,C0771
H1029,C1177
H1029,C1178
H1029,C1205
H1029,C1209
H1029,C1220
H1029,C1241
H1030,C0151
H1030,C0154
H1030,C0214
H1030,C0250
H1030,C0335
H1030,C0392
H1030,C0485
H1030,C0510
H1030,C0522
H1030,C0569
H1030,C0572
H1030,C0593
H1030,C0626
H1030,C0697
H1030,C1173
H1030,C1178
H1031,C0054
H1032,C0372
H1033,C0070
H1033,C0071
H1033,C0162
H1033,C0286
H1033,C0538
H1033,C0863
H1033,C0921
H1033,C1178
H1033,C1205
H1035,C0039
H1035,C0049
H1035,C0133
H1035,C0206
H1035,C0258
H1035,C0285
H1035,C0377
H1035,C0393
H1035,C0526
H1035,C1178
H1037,C0337
H1039,C0145
H1039,C0562
H1039,C0606
H1040,C0125
H1040,C0145
H1040,C0171
H1040,C0348
H1040,C0854
H1041,C0054
H1041,C0392
H1041,C0467
H1041,C0512
H1041,C1019
H1042,C0312
H1042,C0393
H1042,C0519
H1043,C0453
H1045,C0053
H1045,C0156
H1045,C0164
H1045,C0294
H1045,C0333
H1045,C0352
H1045,C0377
H1045,C0478
H1045,C0935
H1045,C1178
H1046,C0053
H1046,C0156
H1046,C0164
H1046,C0294
H1046,C0333
H1046,C0352
H1046,C0377
H1046,C0478
H1046,C0935
H1046,C1178
H1047,C0090
H1047,C0229
H1047,C0262
H1047,C0476
H1047,C0504
H1047,C0528
H1047,C0841
H1047,C1178
H1047,C1181
H1048,C0229
H1049,C0090
H1049,C0229
H1049,C0262
H1049,C0476
H1049,C0504
H1049,C0528
H1049,C0841
H1049,C1178
H1049,C1181
H1050,C0188
H1050,C1162
H1050,C1218
H1051,C0014
H1051,C0026
H1051,C0046
H1051,C0064
H1051,C0072
H1051,C0073
H1051,C0079
H1051,C0091
H1051,C0095
H1051,C0157
H1051,C0164
H1051,C0189
H1051,C0190
H1051,C0199
H1051,C0219
H1051,C0229
H1051,C0231
H1051,C0240
H1051,C0258
H1051,C0259
H1051,C0263
H1051,C0266
H1051,C0283
H1051,C0285
H1051,C0287
H1051,C0291
H1051,C0298
H1051,C0300
H1051,C0333
H1051,C0343
H1051,C0344
H1051,C0352
H1051,C0354
H1051,C0377
H1051,C0399
H1051,C0416
H1051,C0447
H1051,C0455
H1051,C0457
H1051,C0478
H1051,C0497
H1051,C0510
H1051,C0516
H1051,C0528
H1051,C0709
H1051,C0749
H1051,C0787
H1051,C0793
H1051,C0809
H1051,C0816
H1051,C0891
H1051,C0897
H1051,C0905
H1051,C0914
H1051,C0927
H1051,C1178
H1051,C1187
H1051,C1200
H1051,C1203
H1051,C1209
H1051,C1231
H1051,C1239
H1051,C1241
H1051,C1242
H1051,C1258
H1052,C0073
H1052,C0245
H1052,C0291
H1052,C0471
H1052,C0478
H1052,C0479
H1052,C0534
H1052,C1178
H1053,C0186
H1053,C0258
H1053,C0285
H1053,C0333
H1053,C0478
H1053,C0790
H1053,C0834
H1053,C0863
H1053,C1220
H1055,C0014
H1055,C0026
H1055,C0046
H1055,C0064
H1055,C0072
H1055,C0073
H1055,C0079
H1055,C0091
H1055,C0095
H1055,C0157
H1055,C0164
H1055,C0189
H1055,C0190
H1055,C0199
H1055,C0219
H1055,C0229
H1055,C0231
H1055,C0240
H1055,C0258
H1055,C0259
H1055,C0263
H1055,C0266
H1055,C0283
H1055,C0285
H1055,C0287
H1055,C0291
H1055,C0298
H1055,C0300
H1055,C0333
H1055,C0343
H1055,C0344
H1055,C0352
H1055,C0354
H1055,C0377
H1055,C0399
H1055,C0416
H1055,C0447
H1055,C0455
H1055,C0457
H1055,C0478
H1055,C0497
H1055,C0510
H1055,C0516
H1055,C0528
H1055,C0709
H1055,C0891
H1055,C0897
H1055,C0905
H1055,C0914
H1055,C0927
H1055,C1178
H1055,C1187
H1055,C1200
H1055,C1203
H1055,C1209
H1055,C1231
H1055,C1239
H1055,C1241
H1055,C1242
H1055,C1258
H1057,C0145
H1057,C0491
H1057,C0779
H1059,C1177
H1061,C0090
H1061,C0114
H1061,C0164
H1061,C0229
H1061,C0333
H1061,C0352
H1061,C0377
H1061,C0749
H1061,C1171
H1061,C1203
H1061,C1220
H1061,C1231
H1061,C1241
H1061,C1258
H1062,C0145
H1062,C0491
H1062,C0779
H1062,C0878
H1063,C0145
H1063,C0491
H1063,C0779
H1064,C0106
H1064,C0175
H1065,C0372
H1066,C0013
H1066,C0041
H1066,C0044
H1066,C0045
H1066,C0053
H1066,C0074
H1066,C0083
H1066,C0089
H1066,C0090
H1066,C0101
H1066,C0105
H1066,C0108
H1066,C0109
H1066,C0110
H1066,C0114
H1066,C0124
H1066,C0152
H1066,C0156
H1066,C0164
H1066,C0185
H1066,C0193
H1066,C0242
H1066,C0262
H1066,C0291
H1066,C0312
H1066,C0333
H1066,C0377
H1066,C0493
H1066,C0602
H1066,C0652
H1066,C0766
H1066,C0769
H1066,C0808
H1066,C0836
H1066,C0838
H1066,C0905
H1066,C0914
H1066,C0935
H1066,C1178
H1066,C1208
H1066,C1239
H1066,C1243
H1066,C1259
H1066,C1278
H1067,C0013
H1067,C0041
H1067,C0044
H1067,C0045
H1067,C0053
H1067,C0074
H1067,C0083
H1067,C0089
H1067,C0090
H1067,C0101
H1067,C0105
H1067,C0108
H1067,C0109
H1067,C0110
H1067,C0114
H1067,C0124
H1067,C0152
H1067,C0156
H1067,C0164
H1067,C0185
H1067,C0193
H1067,C0242
H1067,C0262
H1067,C0291
H1067,C0312
H1067,C0333
H1067,C0377
H1067,C0493
H1067,C0602
H1067,C0808
H1067,C0836
H1067,C0838
H1067,C0905
H1067,C0914
H1067,C0935
H1067,C1178
H1067,C1208
H1067,C1239
H1067,C1243
H1067,C1259
H1067,C1278
H1068,C0090
H1068,C0114
H1068,C0164
H1068,C0229
H1068,C0333
H1068,C0352
H1068,C0377
H1068,C1171
H1068,C1203
H1068,C1220
H1068,C1231
H1068,C1241
H1068,C1258
H1069,C0013
H1069,C0041
H1069,C0044
H1069,C0045
H1069,C0053
H1069,C0074
H1069,C0083
H1069,C0089
H1069,C0090
H1069,C0101
H1069,C0105
H1069,C0108
H1069,C0109
H1069,C0110
H1069,C0114
H1069,C0124
H1069,C0152
H1069,C0156
H1069,C0164
H1069,C0185
H1069,C0193
H1069,C0242
H1069,C0262
H1069,C0291
H1069,C0312
H1069,C0333
H1069,C0377
H1069,C0493
H1069,C0602
H1069,C0808
H1069,C0836
H1069,C0838
H1069,C0905
H1069,C0914
H1069,C0935
H1069,C1178
H1069,C1208
H1069,C1239
H1069,C1243
H1069,C1259
H1069,C1278
H1070,C0013
H1070,C0041
H1070,C0044
H1070,C0045
H1070,C0053
H1070,C0074
H1070,C0083
H1070,C0089
H1070,C0090
H1070,C0101
H1070,C0105
H1070,C0108
H1070,C0109
H1070,C0110
H1070,C0114
H1070,C0124
H1070,C0152
H1070,C0156
H1070,C0164
H1070,C0185
H1070,C0193
H1070,C0242
H1070,C0262
H1070,C0291
H1070,C0312
H1070,C0333
H1070,C0377
H1070,C0493
H1070,C0602
H1070,C0808
H1070,C0836
H1070,C0838
H1070,C0905
H1070,C0914
H1070,C0935
H1070,C1178
H1070,C1208
H1070,C1239
H1070,C1243
H1070,C1259
H1070,C1278
H1071,C0013
H1071,C0041
H1071,C0044
H1071,C0045
H1071,C0053
H1071,C0074
H1071,C0083
H1071,C0089
H1071,C0090
H1071,C0101
H1071,C0105
H1071,C0108
H1071,C0109
H1071,C0110
H1071,C0114
H1071,C0124
H1071,C0152
H1071,C0156
H1071,C0164
H1071,C0185
H1071,C0193
H1071,C0242
H1071,C0262
H1071,C0291
H1071,C0312
H1071,C0333
H1071,C0377
H1071,C0493
H1071,C0602
H1071,C0808
H1071,C0836
H1071,C0838
H1071,C0905
H1071,C0914
H1071,C0935
H1071,C1178
H1071,C1208
H1071,C1239
H1071,C1243
H1071,C1259
H1071,C1278
H1072,C0013
H1072,C0041
H1072,C0044
H1072,C0045
H1072,C0053
H1072,C0074
H1072,C0083
H1072,C0089
H1072,C0090
H1072,C0101
H1072,C0105
H1072,C0108
H1072,C0109
H1072,C0110
H1072,C0114
H1072,C0124
H1072,C0152
H1072,C0156
H1072,C0164
H1072,C0185
H1072,C0193
H1072,C0242
H1072,C0262
H1072,C0291
H1072,C0312
H1072,C0333
H1072,C0377
H1072,C0493
H1072,C0602
H1072,C0808
H1072,C0836
H1072,C0838
H1072,C0905
H1072,C0914
H1072,C0935
H1072,C1178
H1072,C1208
H1072,C1239
H1072,C1243
H1072,C1259
H1072,C1278
H1073,C0013
H1073,C0041
H1073,C0044
H1073,C0045
H1073,C0053
H1073,C0074
H1073,C0083
H1073,C0089
H1073,C0090
H1073,C0101
H1073,C0105
H1073,C0108
H1073,C0109
H1073,C0110
H1073,C0114
H1073,C0124
H1073,C0152
H1073,C0156
H1073,C0164
H1073,C0185
H1073,C0193
H1073,C0242
H1073,C0262
H1073,C0291
H1073,C0312
H1073,C0333
H1073,C0377
H1073,C0493
H1073,C0602
H1073,C0808
H1073,C0836
H1073,C0838
H1073,C0905
H1073,C0914
H1073,C0935
H1073,C1178
H1073,C1208
H1073,C1239
H1073,C1243
H1073,C1259
H1073,C1278
H1074,C0013
H1074,C0041
H1074,C0044
H1074,C0045
H1074,C0053
H1074,C0074
H1074,C0083
H1074,C0089
H1074,C0090
H1074,C0101
H1074,C0105
H1074,C0108
H1074,C0109
H1074,C0110
H1074,C0114
H1074,C0124
H1074,C0152
H1074,C0156
H1074,C0164
H1074,C0185
H1074,C0193
H1074,C0242
H1074,C0262
H1074,C0291
H1074,C0312
H1074,C0333
H1074,C0377
H1074,C0493
H1074,C0602
H1074,C0808
H1074,C0836
H1074,C0838
H1074,C0905
H1074,C0914
H1074,C0935
H1074,C1178
H1074,C1208
H1074,C1239
H1074,C1243
H1074,C1259
H1074,C1278
H1075,C0013
H1075,C0041
H1075,C0044
H1075,C0045
H1075,C0053
H1075,C0074
H1075,C0083
H1075,C0089
H1075,C0090
H1075,C0101
H1075,C0105
H1075,C0108
H1075,C0109
H1075,C0110
H1075,C0114
H1075,C0124
H1075,C0152
H1075,C0156
H1075,C0164
H1075,C0185
H1075,C0193
H1075,C0242
H1075,C0262
H1075,C0291
H1075,C0312
H1075,C0333
H1075,C0377
H1075,C0493
H1075,C0602
H1075,C0808
H1075,C0836
H1075,C0838
H1075,C0905
H1075,C0914
H1075,C0935
H1075,C1178
H1075,C1208
H1075,C1239
H1075,C1243
H1075,C1259
H1075,C1278
H1076,C0044
H1077,C0064
H1077,C0188
H1077,C0189
H1077,C0190
H1077,C0247
H1077,C0263
H1077,C0285
H1077,C0315
H1077,C0316
H1077,C0416
H1077,C0424
H1077,C0481
H1077,C0504
H1077,C0523
H1077,C0528
H1077,C0548
H1077,C0639
H1078,C0094
H1078,C0397
H1078,C0464
H1079,C0073
H1079,C0084
H1079,C0090
H1079,C0094
H1079,C0189
H1079,C0206
H1079,C0231
H1079,C0258
H1079,C0263
H1079,C0285
H1079,C0287
H1079,C0291
H1079,C0333
H1079,C0383
H1079,C0416
H1079,C0420
H1079,C0467
H1079,C0471
H1079,C0479
H1079,C0524
H1079,C0853
H1079,C0863
H1079,C1030
H1079,C1166
H1079,C1219
H1079,C1243
H1080,C0083
H1080,C0101
H1080,C0337
H1080,C0391
H1080,C0815
H1080,C0871
H1080,C1260
H1080,C1278
H1080,C1279
H1081,C0314
H1082,C0039
H1082,C0063
H1082,C0090
H1082,C0164
H1082,C0391
H1082,C0392
H1082,C0449
H1082,C0528
H1082,C0884
H1082,C1218
H1082,C1252
H1083,C0285
H1084,C0458
H1085,C0063
H1085,C0547
H1085,C0626
H1087,C0130
H1087,C0333
H1087,C0348
H1087,C0381
H1087,C0467
H1087,C0905
H1088,C0086
H1088,C0094
H1088,C0348
H1092,C0063
H1092,C0064
H1092,C0089
H1092,C0154
H1092,C0164
H1092,C0257
H1092,C0352
H1092,C0392
H1092,C0914
H1092,C1173
H1092,C1178
H1092,C1265
H1093,C0063
H1093,C0064
H1093,C0089
H1093,C0154
H1093,C0164
H1093,C0257
H1093,C0352
H1093,C0392
H1093,C0914
H1093,C1173
H1093,C1178
H1093,C1265
H1094,C0083
H1094,C0101
H1094,C0337
H1094,C0391
H1094,C0815
H1094,C0871
H1094,C1260
H1094,C1278
H1094,C1279
H1095,C0083
H1095,C0101
H1095,C0337
H1095,C0391
H1095,C0815
H1095,C0871
H1095,C1260
H1095,C1278
H1095,C1279
H1096,C0083
H1096,C0101
H1096,C0337
H1096,C0391
H1096,C0815
H1096,C0871
H1096,C1260
H1096,C1278
H1096,C1279
H1097,C0039
H1097,C0063
H1097,C0064
H1097,C0082
H1097,C0090
H1097,C0148
H1097,C0164
H1097,C0188
H1097,C0229
H1097,C0262
H1097,C0263
H1097,C0352
H1097,C0368
H1097,C0416
H1097,C0447
H1097,C0476
H1097,C0479
H1097,C0504
H1097,C0523
H1097,C0528
H1097,C0547
H1097,C0548
H1097,C0880
H1097,C0905
H1097,C1162
H1097,C1203
H1097,C1242
H1100,C0041
H1100,C0124
H1100,C0161
H1100,C0333
H1100,C0478
H1100,C1178
H1100,C1203
H1100,C1231
H1101,C0188
H1101,C1162
H1101,C1218
H1103,C1264
H1104,C0026
H1104,C0094
H1104,C0189
H1104,C0190
H1104,C0199
H1104,C0231
H1104,C0285
H1104,C0287
H1104,C0377
H1104,C0416
H1104,C0478
H1104,C0517
H1104,C0524
H1104,C0596
H1104,C0678
H1104,C0709
H1104,C0750
H1104,C0801
H1104,C0819
H1104,C0882
H1104,C0888
H1104,C0914
H1104,C1162
H1104,C1178
H1104,C1239
H1105,C0026
H1105,C0094
H1105,C0189
H1105,C0190
H1105,C0199
H1105,C0231
H1105,C0285
H1105,C0287
H1105,C0377
H1105,C0416
H1105,C0478
H1105,C0517
H1105,C0524
H1105,C0709
H1105,C0914
H1105,C1162
H1105,C1178
H1105,C1239
H1106,C0026
H1106,C0094
H1106,C0189
H1106,C0190
H1106,C0199
H1106,C0231
H1106,C0285
H1106,C0287
H1106,C0377
H1106,C0416
H1106,C0478
H1106,C0517
H1106,C0524
H1106,C0709
H1106,C0914
H1106,C1162
H1106,C1178
H1106,C1239
H1107,C0026
H1107,C0094
H1107,C0189
H1107,C0190
H1107,C0199
H1107,C0231
H1107,C0285
H1107,C0287
H1107,C0377
H1107,C0416
H1107,C0478
H1107,C0517
H1107,C0524
H1107,C0709
H1107,C0914
H1107,C1162
H1107,C1178
H1107,C1239
H1108,C0026
H1108,C0094
H1108,C0189
H1108,C0190
H1108,C0199
H1108,C0231
H1108,C0285
H1108,C0287
H1108,C0377
H1108,C0416
H1108,C0478
H1108,C0517
H1108,C0524
H1108,C0709
H1108,C0914
H1108,C1162
H1108,C1178
H1108,C1239
H1109,C0073
H1109,C0102
H1109,C0231
H1109,C0262
H1109,C0285
H1109,C0352
H1109,C0377
H1109,C0447
H1109,C0476
H1109,C0504
H1109,C0709
H1109,C0771
H1109,C1258
H1110,C0026
H1110,C0086
H1110,C0190
H1110,C0206
H1110,C0231
H1110,C0232
H1110,C0263
H1110,C0285
H1110,C0287
H1110,C0416
H1110,C0457
H1110,C0478
H1110,C0479
H1110,C0931
H1111,C0026
H1111,C0094
H1111,C0189
H1111,C0190
H1111,C0199
H1111,C0231
H1111,C0285
H1111,C0287
H1111,C0377
H1111,C0416
H1111,C0478
H1111,C0517
H1111,C0524
H1111,C0709
H1111,C0914
H1111,C1162
H1111,C1178
H1111,C1239
H1112,C0026
H1112,C0094
H1112,C0189
H1112,C0190
H1112,C0199
H1112,C0231
H1112,C0285
H1112,C0287
H1112,C0377
H1112,C0416
H1112,C0478
H1112,C0517
H1112,C0524
H1112,C0709
H1112,C0914
H1112,C1162
H1112,C1178
H1112,C1239
H1114,C0045
H1114,C0188
H1114,C0333
H1114,C0419
H1114,C0532
H1114,C1242
H1114,C1243
H1114,C1259
H1115,C0053
H1115,C0073
H1115,C0148
H1115,C0162
H1115,C0187
H1115,C0257
H1115,C0263
H1115,C0286
H1115,C0299
H1115,C0300
H1115,C0376
H1115,C0439
H1115,C0460
H1115,C0465
H1115,C0602
H1115,C1171
H1115,C1172
H1115,C1178
H1115,C1231
H1118,C0291
H1118,C0298
H1118,C0306
H1118,C0333
H1118,C0383
H1118,C1030
H1118,C1243
H1119,C0871
H1119,C0921
H1120,C0014
H1120,C0064
H1120,C0086
H1120,C0133
H1120,C0164
H1120,C0173
H1120,C0183
H1120,C0185
H1120,C0189
H1120,C0199
H1120,C0204
H1120,C0206
H1120,C0209
H1120,C0251
H1120,C0262
H1120,C0263
H1120,C0285
H1120,C0291
H1120,C0298
H1120,C0333
H1120,C0340
H1120,C0350
H1120,C0352
H1120,C0368
H1120,C0414
H1120,C0416
H1120,C0420
H1120,C0429
H1120,C0448
H1120,C0478
H1120,C0547
H1120,C0548
H1120,C0607
H1120,C0691
H1120,C0756
H1120,C0818
H1120,C0845
H1120,C0853
H1120,C0905
H1120,C0914
H1120,C0931
H1120,C0934
H1120,C1162
H1120,C1178
H1120,C1201
H1120,C1203
H1120,C1231
H1120,C1242
H1120,C1246
H1121,C0073
H1121,C0115
H1122,C1242
H1124,C0026
H1124,C0027
H1124,C0073
H1124,C0077
H1124,C0083
H1124,C0101
H1124,C0119
H1124,C0133
H1124,C0153
H1124,C0156
H1124,C0157
H1124,C0159
H1124,C0164
H1124,C0198
H1124,C0199
H1124,C0242
H1124,C0300
H1124,C0333
H1124,C0352
H1124,C0377
H1124,C0416
H1124,C0478
H1124,C0483
H1124,C0524
H1124,C0808
H1124,C0845
H1124,C0914
H1124,C0935
H1124,C1178
H1124,C1203
H1124,C1231
H1124,C1239
H1126,C0518
H1127,C0045
H1127,C0046
H1127,C0090
H1127,C0114
H1127,C0133
H1127,C0156
H1127,C0164
H1127,C0189
H1127,C0190
H1127,C0206
H1127,C0262
H1127,C0291
H1127,C0318
H1127,C0333
H1127,C0352
H1127,C0377
H1127,C0476
H1127,C0483
H1127,C0528
H1127,C0532
H1127,C0854
H1127,C1178
H1127,C1220
H1127,C1221
H1127,C1231
H1127,C1241
H1127,C1245
H1127,C1246
H1127,C1258
H1129,C0014
H1129,C0063
H1129,C0291
H1129,C0419
H1129,C0504
H1129,C0523
H1129,C1258
H1130,C0039
H1130,C0090
H1130,C0231
H1130,C0263
H1130,C0285
H1130,C0287
H1132,C0372
H1133,C0164
H1133,C0198
H1133,C0242
H1133,C0247
H1133,C0291
H1133,C0333
H1133,C0352
H1133,C0377
H1133,C0478
H1133,C0631
H1133,C0808
H1133,C0914
H1133,C1166
H1133,C1203
H1133,C1220
H1133,C1241
H1134,C0036
H1134,C0049
H1134,C0064
H1134,C0065
H1134,C0081
H1134,C0124
H1134,C0143
H1134,C0161
H1134,C0198
H1134,C0206
H1134,C0247
H1134,C0392
H1134,C0510
H1134,C0512
H1134,C0653
H1134,C1166
H1134,C1177
H1134,C1195
H1134,C1234
H1135,C0064
H1135,C1242
H1135,C1243
H1136,C1242
H1137,C0039
H1137,C0090
H1137,C0354
H1137,C0532
H1137,C1220
H1137,C1252
H1139,C0045
H1139,C0188
H1139,C0333
H1139,C0419
H1139,C0532
H1139,C1242
H1139,C1243
H1139,C1259
H1140,C0046
H1140,C0089
H1140,C0114
H1140,C0157
H1140,C0199
H1140,C0242
H1140,C0333
H1140,C0352
H1140,C0377
H1140,C0478
H1140,C0587
H1140,C0914
H1140,C1241
H1141,C0046
H1141,C0089
H1141,C0114
H1141,C0157
H1141,C0199
H1141,C0242
H1141,C0333
H1141,C0352
H1141,C0377
H1141,C0478
H1141,C0587
H1141,C0914
H1141,C1241
H1142,C1208
H1143,C0459
H1144,C0229
H1147,C0189
H1147,C0263
H1147,C0285
H1147,C0333
H1147,C0448
H1147,C0935
H1147,C1258
H1148,C0189
H1148,C0263
H1148,C0285
H1148,C0333
H1148,C0448
H1148,C0935
H1148,C1258
H1149,C0189
H1149,C0263
H1149,C0285
H1149,C0333
H1149,C0448
H1149,C0935
H1149,C1258
H1150,C0189
H1150,C0263
H1150,C0285
H1150,C0333
H1150,C0448
H1150,C0935
H1150,C1258
H1151,C0332
H1152,C0083
H1152,C0090
H1152,C0152
H1152,C0157
H1152,C0164
H1152,C0199
H1152,C0202
H1152,C0229
H1152,C0232
H1152,C0312
H1152,C0352
H1152,C0382
H1152,C0482
H1152,C0519
H1152,C0880
H1152,C0914
H1152,C0931
H1152,C1178
H1152,C1203
H1152,C1208
H1152,C1220
H1152,C1236
H1152,C1237
H1152,C1241
H1152,C1278
H1153,C0183
H1155,C0921
H1156,C0073
H1156,C0084
H1156,C0090
H1156,C0094
H1156,C0189
H1156,C0206
H1156,C0231
H1156,C0258
H1156,C0263
H1156,C0285
H1156,C0287
H1156,C0291
H1156,C0333
H1156,C0383
H1156,C0416
H1156,C0420
H1156,C0467
H1156,C0471
H1156,C0479
H1156,C0524
H1156,C0853
H1156,C0863
H1156,C1030
H1156,C1166
H1156,C1219
H1156,C1243
H1157,C0291
H1157,C0484
H1158,C1178
H1159,C0372
H1160,C0199
H1160,C0394
H1160,C1238
H1163,C0475
H1163,C1227
H1164,C0014
H1164,C0026
H1164,C0045
H1164,C0072
H1164,C0073
H1164,C0090
H1164,C0102
H1164,C0133
H1164,C0145
H1164,C0153
H1164,C0156
H1164,C0157
H1164,C0159
H1164,C0164
H1164,C0188
H1164,C0189
H1164,C0190
H1164,C0199
H1164,C0229
H1164,C0231
H1164,C0240
H1164,C0253
H1164,C0263
H1164,C0285
H1164,C0291
H1164,C0333
H1164,C0352
H1164,C0377
H1164,C0383
H1164,C0407
H1164,C0416
H1164,C0433
H1164,C0453
H1164,C0455
H1164,C0478
H1164,C0483
H1164,C0491
H1164,C0524
H1164,C0528
H1164,C0532
H1164,C0534
H1164,C0540
H1164,C0863
H1164,C0897
H1164,C0899
H1164,C0918
H1164,C0935
H1164,C1178
H1164,C1180
H1164,C1203
H1164,C1220
H1164,C1221
H1164,C1231
H1164,C1241
H1164,C1243
H1164,C1258
H1164,C1270
H1167,C0163
H1167,C0232
H1167,C0287
H1167,C0305
H1168,C0163
H1168,C0232
H1168,C0287
H1168,C0305
H1169,C0014
H1169,C0026
H1169,C0045
H1169,C0072
H1169,C0073
H1169,C0090
H1169,C0102
H1169,C0133
H1169,C0145
H1169,C0153
H1169,C0156
H1169,C0157
H1169,C0159
H1169,C0164
H1169,C0188
H1169,C0189
H1169,C0190
H1169,C0199
H1169,C0229
H1169,C0231
H1169,C0240
H1169,C0253
H1169,C0263
H1169,C0285
H1169,C0291
H1169,C0333
H1169,C0352
H1169,C0377
H1169,C0383
H1169,C0407
H1169,C0416
H1169,C0433
H1169,C0453
H1169,C0455
H1169,C0478
H1169,C0483
H1169,C0491
H1169,C0524
H1169,C0528
H1169,C0532
H1169,C0534
H1169,C0540
H1169,C0586
H1169,C0662
H1169,C0681
H1169,C0863
H1169,C0897
H1169,C0899
H1169,C0918
H1169,C0935
H1169,C1178
H1169,C1180
H1169,C1203
H1169,C1220
H1169,C1221
H1169,C1231
H1169,C1241
H1169,C1243
H1169,C1258
H1169,C1270
H1170,C0039
H1170,C0051
H1170,C0090
H1170,C0148
H1170,C0189
H1170,C0190
H1170,C0199
H1170,C0231
H1170,C0259
H1170,C0263
H1170,C0285
H1170,C0300
H1170,C0338
H1170,C0349
H1170,C0416
H1170,C0426
H1170,C0482
H1170,C0513
H1170,C0618
H1170,C0832
H1170,C0837
H1170,C0927
H1170,C1162
H1170,C1252
H1171,C0039
H1171,C0051
H1171,C0090
H1171,C0148
H1171,C0189
H1171,C0190
H1171,C0199
H1171,C0231
H1171,C0259
H1171,C0263
H1171,C0285
H1171,C0300
H1171,C0338
H1171,C0349
H1171,C0416
H1171,C0426
H1171,C0482
H1171,C0513
H1171,C0927
H1171,C1162
H1171,C1252
H1172,C0426
H1173,C0040
H1173,C0041
H1173,C0073
H1173,C0102
H1173,C0137
H1173,C0189
H1173,C0190
H1173,C0251
H1173,C0263
H1173,C0285
H1173,C0306
H1173,C0369
H1173,C0416
H1173,C0419
H1173,C0450
H1173,C0709
H1173,C1162
H1173,C1178
H1173,C1203
H1173,C1231
H1173,C1240
H1173,C1243
H1174,C0067
H1174,C0101
H1174,C0124
H1174,C0152
H1174,C0168
H1174,C0340
H1174,C0382
H1174,C0412
H1174,C0513
H1174,C0815
H1174,C0914
H1174,C1260
H1174,C1266
H1174,C1267
H1174,C1278
H1174,C1279
H1175,C0650
H1175,C0749
H1175,C0765
H1176,C0064
H1176,C0188
H1176,C0189
H1176,C0190
H1176,C0247
H1176,C0263
H1176,C0285
H1176,C0315
H1176,C0316
H1176,C0416
H1176,C0424
H1176,C0481
H1176,C0504
H1176,C0523
H1176,C0528
H1176,C0548
H1176,C0639
H1177,C0429
H1179,C0198
H1179,C0549
H1179,C1178
H1179,C1180
H1180,C0291
H1180,C1178
H1180,C1284
H1181,C0073
H1181,C0197
H1181,C0245
H1181,C0263
H1181,C0368
H1181,C0399
H1181,C0400
H1181,C0471
H1181,C0478
H1181,C0479
H1181,C0482
H1181,C0637
H1181,C0853
H1181,C1178
H1181,C1205
H1182,C0107
H1183,C0072
H1183,C0073
H1183,C0089
H1183,C0102
H1183,C0312
H1183,C0333
H1183,C0366
H1183,C0368
H1183,C0479
H1183,C0482
H1183,C0519
H1183,C0845
H1183,C0914
H1183,C0923
H1183,C0927
H1183,C1103
H1183,C1178
H1183,C1181
H1183,C1203
H1183,C1204
H1183,C1231
H1183,C1237
H1183,C1258
H1185,C0063
H1185,C0064
H1185,C0188
H1185,C0219
H1185,C0291
H1185,C0293
H1185,C0523
H1187,C0164
H1187,C0935
H1187,C1259
H1190,C0065
H1190,C0124
H1190,C0161
H1190,C0225
H1190,C1239
H1192,C0026
H1192,C0067
H1192,C0107
H1192,C0377
H1192,C1224
H1192,C1236
H1193,C0026
H1193,C0067
H1193,C0107
H1193,C0377
H1193,C1224
H1193,C1236
H1194,C0026
H1194,C0067
H1194,C0107
H1194,C0377
H1194,C1224
H1194,C1236
H1195,C0372
H1195,C1203
H1196,C0042
H1196,C0126
H1196,C0203
H1196,C0626
H1196,C0662
H1196,C0885
H1198,C0064
H1198,C0148
H1198,C0188
H1198,C0219
H1198,C0259
H1198,C0450
H1198,C0504
H1198,C0549
H1198,C0709
H1198,C1162
H1198,C1243
H1198,C1262
H1199,C1282
H1200,C0001
H1200,C0558
H1200,C0568
H1200,C0569
H1200,C0588
H1200,C0749
H1201,C0053
H1201,C0079
H1201,C0090
H1201,C0130
H1201,C0156
H1201,C0285
H1201,C0298
H1201,C0333
H1201,C0349
H1201,C0352
H1201,C0354
H1201,C0416
H1201,C0420
H1201,C1175
H1201,C1178
H1201,C1203
H1201,C1231
H1201,C1241
H1201,C1259
H1202,C0083
H1202,C0156
H1202,C0164
H1202,C0206
H1202,C0352
H1202,C0377
H1202,C0416
H1202,C0478
H1202,C0828
H1202,C0916
H1202,C0935
H1202,C1271
H1203,C0049
H1203,C0189
H1203,C0198
H1203,C0199
H1203,C0231
H1203,C0262
H1203,C0263
H1203,C0285
H1203,C0287
H1203,C0291
H1203,C0300
H1203,C0392
H1203,C0416
H1203,C0423
H1203,C0476
H1203,C0479
H1203,C0482
H1203,C0483
H1203,C0853
H1203,C0884
H1203,C1178
H1203,C1180
H1203,C1253
H1204,C0064
H1204,C0188
H1204,C0189
H1204,C0190
H1204,C0247
H1204,C0263
H1204,C0285
H1204,C0315
H1204,C0316
H1204,C0416
H1204,C0424
H1204,C0481
H1204,C0504
H1204,C0523
H1204,C0528
H1204,C0548
H1204,C0639
H1204,C0708
H1205,C0245
H1205,C0440
H1205,C1177
H1205,C1180
H1205,C1258
H1206,C0122
H1206,C0548
H1207,C0073
H1207,C0197
H1207,C0245
H1207,C0263
H1207,C0368
H1207,C0399
H1207,C0400
H1207,C0471
H1207,C0478
H1207,C0479
H1207,C0482
H1207,C0853
H1207,C1178
H1207,C1205
H1208,C0073
H1208,C0197
H1208,C0245
H1208,C0263
H1208,C0368
H1208,C0399
H1208,C0400
H1208,C0471
H1208,C0478
H1208,C0479
H1208,C0482
H1208,C0853
H1208,C1178
H1208,C1205
H1209,C0063
H1209,C0548
H1210,C0291
H1210,C0478
H1210,C0483
H1210,C1178
H1211,C0046
H1211,C0114
H1211,C0159
H1211,C0262
H1211,C0423
H1211,C0476
H1211,C0483
H1211,C0513
H1211,C1179
H1211,C1180
H1211,C1241
H1212,C0114
H1212,C0333
H1212,C0442
H1212,C0532
H1212,C0779
H1212,C1205
H1212,C1231
H1212,C1236
H1212,C1241
H1214,C0063
H1214,C0064
H1214,C0102
H1214,C0114
H1214,C0119
H1214,C0133
H1214,C0181
H1214,C0188
H1214,C0219
H1214,C0263
H1214,C0285
H1214,C0352
H1214,C0354
H1214,C0377
H1214,C0423
H1214,C0450
H1214,C0488
H1214,C0504
H1214,C0523
H1214,C0528
H1214,C0547
H1214,C0548
H1214,C0846
H1214,C0859
H1214,C0905
H1214,C1178
H1214,C1200
H1214,C1220
H1214,C1227
H1214,C1241
H1214,C1245
H1214,C1247
H1214,C1262
H1216,C0372
H1217,C0064
H1217,C0114
H1217,C0119
H1217,C0156
H1217,C0173
H1217,C0242
H1217,C0243
H1217,C0285
H1217,C0352
H1217,C0377
H1217,C0420
H1217,C0425
H1217,C0429
H1217,C0808
H1217,C0927
H1217,C1162
H1217,C1178
H1217,C1203
H1217,C1220
H1217,C1231
H1217,C1241
H1217,C1246
H1218,C0199
H1218,C0478
H1218,C0914
H1218,C1178
H1218,C1239
H1219,C0199
H1219,C0478
H1219,C0914
H1219,C1178
H1219,C1239
H1220,C0039
H1220,C0053
H1220,C0073
H1220,C0090
H1220,C0133
H1220,C0153
H1220,C0156
H1220,C0159
H1220,C0163
H1220,C0199
H1220,C0291
H1220,C0333
H1220,C0352
H1220,C0377
H1220,C0383
H1220,C0407
H1220,C0423
H1220,C0467
H1220,C0478
H1220,C0483
H1220,C0730
H1220,C1203
H1220,C1239
H1220,C1241
H1220,C1258
H1221,C0039
H1221,C0053
H1221,C0073
H1221,C0090
H1221,C0133
H1221,C0153
H1221,C0156
H1221,C0159
H1221,C0163
H1221,C0199
H1221,C0291
H1221,C0333
H1221,C0352
H1221,C0377
H1221,C0383
H1221,C0407
H1221,C0423
H1221,C0467
H1221,C0478
H1221,C0483
H1221,C0730
H1221,C1203
H1221,C1239
H1221,C1241
H1221,C1258
H1222,C0053
H1222,C0054
H1222,C0101
H1222,C0119
H1222,C0156
H1222,C0157
H1222,C0164
H1222,C0189
H1222,C0190
H1222,C0242
H1222,C0243
H1222,C0333
H1222,C0352
H1222,C0354
H1222,C0377
H1222,C0392
H1222,C0393
H1222,C0485
H1222,C0808
H1222,C0815
H1222,C1114
H1222,C1125
H1222,C1177
H1222,C1178
H1222,C1179
H1222,C1241
H1223,C0041
H1223,C0164
H1223,C0189
H1223,C0263
H1223,C0285
H1223,C0306
H1223,C0352
H1223,C0504
H1223,C0523
H1223,C0905
H1223,C1166
H1223,C1231
H1223,C1237
H1223,C1240
H1224,C0053
H1224,C0054
H1224,C0101
H1224,C0119
H1224,C0156
H1224,C0157
H1224,C0164
H1224,C0189
H1224,C0190
H1224,C0242
H1224,C0243
H1224,C0333
H1224,C0352
H1224,C0354
H1224,C0377
H1224,C0392
H1224,C0393
H1224,C0485
H1224,C0808
H1224,C0815
H1224,C1114
H1224,C1125
H1224,C1177
H1224,C1178
H1224,C1179
H1224,C1241
H1225,C0053
H1225,C0054
H1225,C0101
H1225,C0119
H1225,C0156
H1225,C0157
H1225,C0164
H1225,C0189
H1225,C0190
H1225,C0242
H1225,C0243
H1225,C0333
H1225,C0352
H1225,C0354
H1225,C0377
H1225,C0392
H1225,C0393
H1225,C0485
H1225,C0808
H1225,C0815
H1225,C1114
H1225,C1125
H1225,C1177
H1225,C1178
H1225,C1179
H1225,C1241
H1226,C0031
H1226,C0034
H1226,C0049
H1226,C0094
H1226,C0931
H1226,C1234
H1227,C0053
H1227,C0054
H1227,C0101
H1227,C0119
H1227,C0156
H1227,C0157
H1227,C0164
H1227,C0189
H1227,C0190
H1227,C0242
H1227,C0243
H1227,C0333
H1227,C0352
H1227,C0354
H1227,C0377
H1227,C0392
H1227,C0393
H1227,C0485
H1227,C0808
H1227,C0815
H1227,C1114
H1227,C1125
H1227,C1177
H1227,C1178
H1227,C1179
H1227,C1241
H1228,C0053
H1228,C0073
H1228,C0148
H1228,C0162
H1228,C0187
H1228,C0257
H1228,C0263
H1228,C0286
H1228,C0299
H1228,C0300
H1228,C0376
H1228,C0439
H1228,C0460
H1228,C0465
H1228,C0602
H1228,C0728
H1228,C1171
H1228,C1172
H1228,C1178
H1228,C1231
H1229,C0014
H1229,C0155
H1229,C0231
H1229,C0253
H1229,C0263
H1229,C0285
H1229,C0287
H1229,C0427
H1229,C0479
H1229,C0548
H1229,C1178
H1229,C1221
H1229,C1253
H1230,C0053
H1230,C0073
H1230,C0148
H1230,C0162
H1230,C0187
H1230,C0257
H1230,C0263
H1230,C0286
H1230,C0299
H1230,C0300
H1230,C0376
H1230,C0439
H1230,C0460
H1230,C0465
H1230,C0602
H1230,C1171
H1230,C1172
H1230,C1178
H1230,C1231
H1231,C0053
H1231,C0073
H1231,C0148
H1231,C0162
H1231,C0187
H1231,C0257
H1231,C0263
H1231,C0286
H1231,C0299
H1231,C0300
H1231,C0376
H1231,C0439
H1231,C0460
H1231,C0465
H1231,C0602
H1231,C1171
H1231,C1172
H1231,C1178
H1231,C1231
H1232,C0156
H1232,C0164
H1232,C0189
H1232,C0190
H1232,C0231
H1232,C0287
H1232,C0352
H1232,C0377
H1232,C0416
H1232,C0709
H1232,C0839
H1232,C1245
H1232,C1246
H1233,C1178
H1236,C0085
H1238,C0152
H1238,C0383
H1239,C0152
H1239,C0383
H1241,C0064
H1241,C0073
H1241,C0128
H1241,C0162
H1241,C0187
H1241,C0286
H1241,C0368
H1241,C0439
H1241,C0457
H1241,C0478
H1241,C0485
H1241,C0528
H1241,C0602
H1241,C0617
H1241,C1171
H1241,C1172
H1241,C1178
H1241,C1231
H1241,C1236
H1242,C0064
H1242,C0073
H1242,C0128
H1242,C0162
H1242,C0187
H1242,C0286
H1242,C0368
H1242,C0439
H1242,C0457
H1242,C0478
H1242,C0485
H1242,C0528
H1242,C0602
H1242,C1171
H1242,C1172
H1242,C1178
H1242,C1231
H1242,C1236
H1243,C0064
H1243,C0073
H1243,C0128
H1243,C0162
H1243,C0187
H1243,C0286
H1243,C0368
H1243,C0439
H1243,C0457
H1243,C0478
H1243,C0485
H1243,C0528
H1243,C0602
H1243,C1171
H1243,C1172
H1243,C1178
H1243,C1231
H1243,C1236
H1245,C0188
H1245,C0259
H1245,C0644
H1245,C0704
H1247,C0083
H1247,C0152
H1247,C0156
H1247,C0157
H1247,C0189
H1247,C0243
H1247,C0377
H1247,C0478
H1247,C0485
H1247,C0569
H1247,C0844
H1247,C0914
H1247,C0930
H1247,C0935
H1247,C1178
H1247,C1188
H1247,C1208
H1247,C1278
H1248,C0083
H1248,C0152
H1248,C0156
H1248,C0157
H1248,C0189
H1248,C0243
H1248,C0377
H1248,C0478
H1248,C0485
H1248,C0914
H1248,C0935
H1248,C1178
H1248,C1188
H1248,C1208
H1248,C1278
H1249,C0083
H1249,C0152
H1249,C0156
H1249,C0157
H1249,C0189
H1249,C0243
H1249,C0377
H1249,C0478
H1249,C0485
H1249,C0914
H1249,C0935
H1249,C1178
H1249,C1188
H1249,C1208
H1249,C1278
H1250,C0083
H1250,C0152
H1250,C0156
H1250,C0157
H1250,C0189
H1250,C0243
H1250,C0377
H1250,C0478
H1250,C0485
H1250,C0914
H1250,C0935
H1250,C1178
H1250,C1188
H1250,C1208
H1250,C1278
H1251,C0050
H1251,C0073
H1251,C0189
H1251,C0263
H1251,C0267
H1251,C0337
H1251,C0394
H1251,C0395
H1251,C0457
H1251,C0485
H1251,C0504
H1251,C0569
H1251,C0731
H1251,C0749
H1251,C0777
H1251,C0845
H1251,C0853
H1251,C0914
H1251,C1114
H1251,C1125
H1251,C1231
H1251,C1237
H1252,C0050
H1252,C0073
H1252,C0189
H1252,C0263
H1252,C0267
H1252,C0337
H1252,C0394
H1252,C0395
H1252,C0457
H1252,C0485
H1252,C0504
H1252,C0845
H1252,C0853
H1252,C0914
H1252,C1114
H1252,C1125
H1252,C1231
H1252,C1237
H1253,C0050
H1253,C0073
H1253,C0189
H1253,C0263
H1253,C0267
H1253,C0337
H1253,C0394
H1253,C0395
H1253,C0457
H1253,C0485
H1253,C0504
H1253,C0845
H1253,C0853
H1253,C0914
H1253,C1114
H1253,C1125
H1253,C1231
H1253,C1237
H1254,C0050
H1254,C0073
H1254,C0189
H1254,C0263
H1254,C0267
H1254,C0337
H1254,C0394
H1254,C0395
H1254,C0457
H1254,C0485
H1254,C0504
H1254,C0845
H1254,C0853
H1254,C0914
H1254,C1114
H1254,C1125
H1254,C1231
H1254,C1237
