node_id,node_type,node_type_order,node_index,type_local_index
H0002,herb,0,0,0
H0580,herb,0,1,1
H0581,herb,0,2,2
H0582,herb,0,3,3
H0583,herb,0,4,4
H0584,herb,0,5,5
H0585,herb,0,6,6
H0586,herb,0,7,7
H0587,herb,0,8,8
H0588,herb,0,9,9
H0589,herb,0,10,10
H0590,herb,0,11,11
H0591,herb,0,12,12
H0592,herb,0,13,13
H0593,herb,0,14,14
H0595,herb,0,15,15
H0597,herb,0,16,16
H0598,herb,0,17,17
H0599,herb,0,18,18
H0600,herb,0,19,19
H0601,herb,0,20,20
H0602,herb,0,21,21
H0603,herb,0,22,22
H0605,herb,0,23,23
H0606,herb,0,24,24
H0607,herb,0,25,25
H0608,herb,0,26,26
H0609,herb,0,27,27
H0611,herb,0,28,28
H0612,herb,0,29,29
H0614,herb,0,30,30
H0615,herb,0,31,31
H0616,herb,0,32,32
H0618,herb,0,33,33
H0619,herb,0,34,34
H0622,herb,0,35,35
H0624,herb,0,36,36
H0625,herb,0,37,37
H0627,herb,0,38,38
H0629,herb,0,39,39
H0631,herb,0,40,40
H0634,herb,0,41,41
H0635,herb,0,42,42
H0636,herb,0,43,43
H0637,herb,0,44,44
H0638,herb,0,45,45
H0640,herb,0,46,46
H0641,herb,0,47,47
H0645,herb,0,48,48
H0646,herb,0,49,49
H0647,herb,0,50,50
H0648,herb,0,51,51
H0649,herb,0,52,52
H0650,herb,0,53,53
H0651,herb,0,54,54
H0652,herb,0,55,55
H0653,herb,0,56,56
H0654,herb,0,57,57
H0657,herb,0,58,58
H0658,herb,0,59,59
H0659,herb,0,60,60
H0660,herb,0,61,61
H0662,herb,0,62,62
H0665,herb,0,63,63
H0666,herb,0,64,64
H0667,herb,0,65,65
H0668,herb,0,66,66
H0669,herb,0,67,67
H0671,herb,0,68,68
H0673,herb,0,69,69
H0674,herb,0,70,70
H0675,herb,0,71,71
H0676,herb,0,72,72
H0677,herb,0,73,73
H0678,herb,0,74,74
H0679,herb,0,75,75
H0680,herb,0,76,76
H0681,herb,0,77,77
H0682,herb,0,78,78
H0683,herb,0,79,79
H0685,herb,0,80,80
H0686,herb,0,81,81
H0687,herb,0,82,82
H0688,herb,0,83,83
H0689,herb,0,84,84
H0695,herb,0,85,85
H0696,herb,0,86,86
H0698,herb,0,87,87
H0700,herb,0,88,88
H0702,herb,0,89,89
H0703,herb,0,90,90
H0704,herb,0,91,91
H0705,herb,0,92,92
H0706,herb,0,93,93
H0707,herb,0,94,94
H0708,herb,0,95,95
H0709,herb,0,96,96
H0710,herb,0,97,97
H0711,herb,0,98,98
H0712,herb,0,99,99
H0713,herb,0,100,100
H0714,herb,0,101,101
H0715,herb,0,102,102
H0716,herb,0,103,103
H0717,herb,0,104,104
H0718,herb,0,105,105
H0719,herb,0,106,106
H0720,herb,0,107,107
H0721,herb,0,108,108
H0722,herb,0,109,109
H0723,herb,0,110,110
H0725,herb,0,111,111
H0726,herb,0,112,112
H0727,herb,0,113,113
H0728,herb,0,114,114
H0730,herb,0,115,115
H0731,herb,0,116,116
H0733,herb,0,117,117
H0734,herb,0,118,118
H0735,herb,0,119,119
H0736,herb,0,120,120
H0737,herb,0,121,121
H0738,herb,0,122,122
H0740,herb,0,123,123
H0741,herb,0,124,124
H0742,herb,0,125,125
H0743,herb,0,126,126
H0745,herb,0,127,127
H0746,herb,0,128,128
H0748,herb,0,129,129
H0750,herb,0,130,130
H0751,herb,0,131,131
H0752,herb,0,132,132
H0753,herb,0,133,133
H0754,herb,0,134,134
H0755,herb,0,135,135
H0756,herb,0,136,136
H0757,herb,0,137,137
H0758,herb,0,138,138
H0760,herb,0,139,139
H0764,herb,0,140,140
H0766,herb,0,141,141
H0767,herb,0,142,142
H0768,herb,0,143,143
H0769,herb,0,144,144
H0770,herb,0,145,145
H0771,herb,0,146,146
H0772,herb,0,147,147
H0773,herb,0,148,148
H0774,herb,0,149,149
H0775,herb,0,150,150
H0776,herb,0,151,151
H0777,herb,0,152,152
H0778,herb,0,153,153
H0779,herb,0,154,154
H0780,herb,0,155,155
H0781,herb,0,156,156
H0782,herb,0,157,157
H0783,herb,0,158,158
H0784,herb,0,159,159
H0785,herb,0,160,160
H0786,herb,0,161,161
H0787,herb,0,162,162
H0788,herb,0,163,163
H0789,herb,0,164,164
H0790,herb,0,165,165
H0796,herb,0,166,166
H0797,herb,0,167,167
H0798,herb,0,168,168
H0799,herb,0,169,169
H0800,herb,0,170,170
H0801,herb,0,171,171
H0802,herb,0,172,172
H0803,herb,0,173,173
H0804,herb,0,174,174
H0805,herb,0,175,175
H0806,herb,0,176,176
H0807,herb,0,177,177
H0808,herb,0,178,178
H0809,herb,0,179,179
H0810,herb,0,180,180
H0811,herb,0,181,181
H0813,herb,0,182,182
H0815,herb,0,183,183
H0816,herb,0,184,184
H0817,herb,0,185,185
H0818,herb,0,186,186
H0819,herb,0,187,187
H0821,herb,0,188,188
H0822,herb,0,189,189
H0824,herb,0,190,190
H0825,herb,0,191,191
H0827,herb,0,192,192
H0829,herb,0,193,193
H0830,herb,0,194,194
H0831,herb,0,195,195
H0832,herb,0,196,196
H0833,herb,0,197,197
H0834,herb,0,198,198
H0835,herb,0,199,199
H0836,herb,0,200,200
H0837,herb,0,201,201
H0839,herb,0,202,202
H0840,herb,0,203,203
H0841,herb,0,204,204
H0843,herb,0,205,205
H0844,herb,0,206,206
H0845,herb,0,207,207
H0846,herb,0,208,208
H0848,herb,0,209,209
H0849,herb,0,210,210
H0850,herb,0,211,211
H0852,herb,0,212,212
H0853,herb,0,213,213
H0854,herb,0,214,214
H0855,herb,0,215,215
H0856,herb,0,216,216
H0857,herb,0,217,217
H0858,herb,0,218,218
H0859,herb,0,219,219
H0860,herb,0,220,220
H0861,herb,0,221,221
H0862,herb,0,222,222
H0863,herb,0,223,223
H0864,herb,0,224,224
H0865,herb,0,225,225
H0866,herb,0,226,226
H0867,herb,0,227,227
H0868,herb,0,228,228
H0869,herb,0,229,229
H0870,herb,0,230,230
H0871,herb,0,231,231
H0872,herb,0,232,232
H0873,herb,0,233,233
H0878,herb,0,234,234
H0879,herb,0,235,235
H0880,herb,0,236,236
H0881,herb,0,237,237
H0882,herb,0,238,238
H0884,herb,0,239,239
H0886,herb,0,240,240
H0887,herb,0,241,241
H0888,herb,0,242,242
H0889,herb,0,243,243
H0890,herb,0,244,244
H0891,herb,0,245,245
H0892,herb,0,246,246
H0893,herb,0,247,247
H0896,herb,0,248,248
H0898,herb,0,249,249
H0899,herb,0,250,250
H0900,herb,0,251,251
H0902,herb,0,252,252
H0903,herb,0,253,253
H0904,herb,0,254,254
H0905,herb,0,255,255
H0906,herb,0,256,256
H0908,herb,0,257,257
H0909,herb,0,258,258
H0910,herb,0,259,259
H0911,herb,0,260,260
H0912,herb,0,261,261
H0913,herb,0,262,262
H0914,herb,0,263,263
H0916,herb,0,264,264
H0917,herb,0,265,265
H0918,herb,0,266,266
H0921,herb,0,267,267
H0923,herb,0,268,268
H0925,herb,0,269,269
H0926,herb,0,270,270
H0927,herb,0,271,271
H0928,herb,0,272,272
H0929,herb,0,273,273
H0930,herb,0,274,274
H0931,herb,0,275,275
H0933,herb,0,276,276
H0934,herb,0,277,277
H0935,herb,0,278,278
H0936,herb,0,279,279
H0938,herb,0,280,280
H0939,herb,0,281,281
H0943,herb,0,282,282
H0944,herb,0,283,283
H0945,herb,0,284,284
H0946,herb,0,285,285
H0947,herb,0,286,286
H0948,herb,0,287,287
H0949,herb,0,288,288
H0950,herb,0,289,289
H0951,herb,0,290,290
H0952,herb,0,291,291
H0953,herb,0,292,292
H0954,herb,0,293,293
H0955,herb,0,294,294
H0956,herb,0,295,295
H0958,herb,0,296,296
H0959,herb,0,297,297
H0960,herb,0,298,298
H0961,herb,0,299,299
H0962,herb,0,300,300
H0963,herb,0,301,301
H0964,herb,0,302,302
H0965,herb,0,303,303
H0967,herb,0,304,304
H0968,herb,0,305,305
H0969,herb,0,306,306
H0972,herb,0,307,307
H0973,herb,0,308,308
H0974,herb,0,309,309
H0975,herb,0,310,310
H0976,herb,0,311,311
H0977,herb,0,312,312
H0978,herb,0,313,313
H0979,herb,0,314,314
H0980,herb,0,315,315
H0981,herb,0,316,316
H0982,herb,0,317,317
H0983,herb,0,318,318
H0984,herb,0,319,319
H0985,herb,0,320,320
H0986,herb,0,321,321
H0987,herb,0,322,322
H0989,herb,0,323,323
H0990,herb,0,324,324
H0991,herb,0,325,325
H0993,herb,0,326,326
H0994,herb,0,327,327
H0996,herb,0,328,328
H0997,herb,0,329,329
H0998,herb,0,330,330
H0999,herb,0,331,331
H1000,herb,0,332,332
H1002,herb,0,333,333
H1003,herb,0,334,334
H1004,herb,0,335,335
H1005,herb,0,336,336
H1007,herb,0,337,337
H1009,herb,0,338,338
H1010,herb,0,339,339
H1011,herb,0,340,340
H1012,herb,0,341,341
H1013,herb,0,342,342
H1014,herb,0,343,343
H1015,herb,0,344,344
H1016,herb,0,345,345
H1017,herb,0,346,346
H1019,herb,0,347,347
H1020,herb,0,348,348
H1022,herb,0,349,349
H1023,herb,0,350,350
H1026,herb,0,351,351
H1027,herb,0,352,352
H1028,herb,0,353,353
H1029,herb,0,354,354
H1030,herb,0,355,355
H1031,herb,0,356,356
H1032,herb,0,357,357
H1033,herb,0,358,358
H1035,herb,0,359,359
H1037,herb,0,360,360
H1039,herb,0,361,361
H1040,herb,0,362,362
H1041,herb,0,363,363
H1042,herb,0,364,364
H1043,herb,0,365,365
H1045,herb,0,366,366
H1046,herb,0,367,367
H1047,herb,0,368,368
H1048,herb,0,369,369
H1049,herb,0,370,370
H1050,herb,0,371,371
H1051,herb,0,372,372
H1052,herb,0,373,373
H1053,herb,0,374,374
H1055,herb,0,375,375
H1057,herb,0,376,376
H1059,herb,0,377,377
H1061,herb,0,378,378
H1062,herb,0,379,379
H1063,herb,0,380,380
H1064,herb,0,381,381
H1065,herb,0,382,382
H1066,herb,0,383,383
H1067,herb,0,384,384
H1068,herb,0,385,385
H1069,herb,0,386,386
H1070,herb,0,387,387
H1071,herb,0,388,388
H1072,herb,0,389,389
H1073,herb,0,390,390
H1074,herb,0,391,391
H1075,herb,0,392,392
H1076,herb,0,393,393
H1077,herb,0,394,394
H1078,herb,0,395,395
H1079,herb,0,396,396
H1080,herb,0,397,397
H1081,herb,0,398,398
H1082,herb,0,399,399
H1083,herb,0,400,400
H1084,herb,0,401,401
H1085,herb,0,402,402
H1087,herb,0,403,403
H1088,herb,0,404,404
H1092,herb,0,405,405
H1093,herb,0,406,406
H1094,herb,0,407,407
H1095,herb,0,408,408
H1096,herb,0,409,409
H1097,herb,0,410,410
H1100,herb,0,411,411
H1101,herb,0,412,412
H1103,herb,0,413,413
H1104,herb,0,414,414
H1105,herb,0,415,415
H1106,herb,0,416,416
H1107,herb,0,417,417
H1108,herb,0,418,418
H1109,herb,0,419,419
H1110,herb,0,420,420
H1111,herb,0,421,421
H1112,herb,0,422,422
H1114,herb,0,423,423
H1115,herb,0,424,424
H1118,herb,0,425,425
H1119,herb,0,426,426
H1120,herb,0,427,427
H1121,herb,0,428,428
H1122,herb,0,429,429
H1124,herb,0,430,430
H1126,herb,0,431,431
H1127,herb,0,432,432
H1129,herb,0,433,433
H1130,herb,0,434,434
H1132,herb,0,435,435
H1133,herb,0,436,436
H1134,herb,0,437,437
H1135,herb,0,438,438
H1136,herb,0,439,439
H1137,herb,0,440,440
H1139,herb,0,441,441
H1140,herb,0,442,442
H1141,herb,0,443,443
H1142,herb,0,444,444
H1143,herb,0,445,445
H1144,herb,0,446,446
H1147,herb,0,447,447
H1148,herb,0,448,448
H1149,herb,0,449,449
H1150,herb,0,450,450
H1151,herb,0,451,451
H1152,herb,0,452,452
H1153,herb,0,453,453
H1155,herb,0,454,454
H1156,herb,0,455,455
H1157,herb,0,456,456
H1158,herb,0,457,457
H1159,herb,0,458,458
H1160,herb,0,459,459
H1163,herb,0,460,460
H1164,herb,0,461,461
H1167,herb,0,462,462
H1168,herb,0,463,463
H1169,herb,0,464,464
H1170,herb,0,465,465
H1171,herb,0,466,466
H1172,herb,0,467,467
H1173,herb,0,468,468
H1174,herb,0,469,469
H1175,herb,0,470,470
H1176,herb,0,471,471
H1177,herb,0,472,472
H1179,herb,0,473,473
H1180,herb,0,474,474
H1181,herb,0,475,475
H1182,herb,0,476,476
H1183,herb,0,477,477
H1185,herb,0,478,478
H1187,herb,0,479,479
H1190,herb,0,480,480
H1192,herb,0,481,481
H1193,herb,0,482,482
H1194,herb,0,483,483
H1195,herb,0,484,484
H1196,herb,0,485,485
H1198,herb,0,486,486
H1199,herb,0,487,487
H1200,herb,0,488,488
H1201,herb,0,489,489
H1202,herb,0,490,490
H1203,herb,0,491,491
H1204,herb,0,492,492
H1205,herb,0,493,493
H1206,herb,0,494,494
H1207,herb,0,495,495
H1208,herb,0,496,496
H1209,herb,0,497,497
H1210,herb,0,498,498
H1211,herb,0,499,499
H1212,herb,0,500,500
H1214,herb,0,501,501
H1216,herb,0,502,502
H1217,herb,0,503,503
H1218,herb,0,504,504
H1219,herb,0,505,505
H1220,herb,0,506,506
H1221,herb,0,507,507
H1222,herb,0,508,508
H1223,herb,0,509,509
H1224,herb,0,510,510
H1225,herb,0,511,511
H1226,herb,0,512,512
H1227,herb,0,513,513
H1228,herb,0,514,514
H1229,herb,0,515,515
H1230,herb,0,516,516
H1231,herb,0,517,517
H1232,herb,0,518,518
H1233,herb,0,519,519
H1236,herb,0,520,520
H1238,herb,0,521,521
H1239,herb,0,522,522
H1241,herb,0,523,523
H1242,herb,0,524,524
H1243,herb,0,525,525
H1245,herb,0,526,526
H1247,herb,0,527,527
H1248,herb,0,528,528
H1249,herb,0,529,529
H1250,herb,0,530,530
H1251,herb,0,531,531
H1252,herb,0,532,532
H1253,herb,0,533,533
H1254,herb,0,534,534
C0001,compound,1,535,0
C0002,compound,1,536,1
C0003,compound,1,537,2
C0004,compound,1,538,3
C0005,compound,1,539,4
C0006,compound,1,540,5
C0007,compound,1,541,6
C0008,compound,1,542,7
C0009,compound,1,543,8
C0010,compound,1,544,9
C0011,compound,1,545,10
C0012,compound,1,546,11
C0013,compound,1,547,12
C0014,compound,1,548,13
C0015,compound,1,549,14
C0016,compound,1,550,15
C0017,compound,1,551,16
C0019,compound,1,552,17
C0020,compound,1,553,18
C0022,compound,1,554,19
C0023,compound,1,555,20
C0024,compound,1,556,21
C0025,compound,1,557,22
C0026,compound,1,558,23
C0027,compound,1,559,24
C0028,compound,1,560,25
C0029,compound,1,561,26
C0030,compound,1,562,27
C0031,compound,1,563,28
C0033,compound,1,564,29
C0034,compound,1,565,30
C0035,compound,1,566,31
C0036,compound,1,567,32
C0037,compound,1,568,33
C0038,compound,1,569,34
C0039,compound,1,570,35
C0040,compound,1,571,36
C0041,compound,1,572,37
C0042,compound,1,573,38
C0043,compound,1,574,39
C0044,compound,1,575,40
C0045,compound,1,576,41
C0046,compound,1,577,42
C0047,compound,1,578,43
C0048,compound,1,579,44
C0049,compound,1,580,45
C0050,compound,1,581,46
C0051,compound,1,582,47
C0052,compound,1,583,48
C0053,compound,1,584,49
C0054,compound,1,585,50
C0055,compound,1,586,51
C0056,compound,1,587,52
C0057,compound,1,588,53
C0058,compound,1,589,54
C0059,compound,1,590,55
C0060,compound,1,591,56
C0061,compound,1,592,57
C0062,compound,1,593,58
C0063,compound,1,594,59
C0064,compound,1,595,60
C0065,compound,1,596,61
C0066,compound,1,597,62
C0067,compound,1,598,63
C0068,compound,1,599,64
C0069,compound,1,600,65
C0070,compound,1,601,66
C0071,compound,1,602,67
C0072,compound,1,603,68
C0073,compound,1,604,69
C0074,compound,1,605,70
C0075,compound,1,606,71
C0076,compound,1,607,72
C0077,compound,1,608,73
C0078,compound,1,609,74
C0079,compound,1,610,75
C0080,compound,1,611,76
C0081,compound,1,612,77
C0082,compound,1,613,78
C0083,compound,1,614,79
C0084,compound,1,615,80
C0085,compound,1,616,81
C0086,compound,1,617,82
C0087,compound,1,618,83
C0088,compound,1,619,84
C0089,compound,1,620,85
C0090,compound,1,621,86
C0091,compound,1,622,87
C0093,compound,1,623,88
C0094,compound,1,624,89
C0095,compound,1,625,90
C0096,compound,1,626,91
C0097,compound,1,627,92
C0098,compound,1,628,93
C0099,compound,1,629,94
C0100,compound,1,630,95
C0101,compound,1,631,96
C0102,compound,1,632,97
C0103,compound,1,633,98
C0104,compound,1,634,99
C0105,compound,1,635,100
C0106,compound,1,636,101
C0107,compound,1,637,102
C0108,compound,1,638,103
C0109,compound,1,639,104
C0110,compound,1,640,105
C0112,compound,1,641,106
C0113,compound,1,642,107
C0114,compound,1,643,108
C0115,compound,1,644,109
C0116,compound,1,645,110
C0118,compound,1,646,111
C0119,compound,1,647,112
C0122,compound,1,648,113
C0123,compound,1,649,114
C0124,compound,1,650,115
C0125,compound,1,651,116
C0126,compound,1,652,117
C0127,compound,1,653,118
C0128,compound,1,654,119
C0129,compound,1,655,120
C0130,compound,1,656,121
C0132,compound,1,657,122
C0133,compound,1,658,123
C0134,compound,1,659,124
C0135,compound,1,660,125
C0136,compound,1,661,126
C0137,compound,1,662,127
C0138,compound,1,663,128
C0139,compound,1,664,129
C0140,compound,1,665,130
C0141,compound,1,666,131
C0142,compound,1,667,132
C0143,compound,1,668,133
C0144,compound,1,669,134
C0145,compound,1,670,135
C0146,compound,1,671,136
C0147,compound,1,672,137
C0148,compound,1,673,138
C0149,compound,1,674,139
C0150,compound,1,675,140
C0151,compound,1,676,141
C0152,compound,1,677,142
C0153,compound,1,678,143
C0154,compound,1,679,144
C0155,compound,1,680,145
C0156,compound,1,681,146
C0157,compound,1,682,147
C0158,compound,1,683,148
C0159,compound,1,684,149
C0160,compound,1,685,150
C0161,compound,1,686,151
C0162,compound,1,687,152
C0163,compound,1,688,153
C0164,compound,1,689,154
C0166,compound,1,690,155
C0167,compound,1,691,156
C0168,compound,1,692,157
C0169,compound,1,693,158
C0170,compound,1,694,159
C0171,compound,1,695,160
C0172,compound,1,696,161
C0173,compound,1,697,162
C0174,compound,1,698,163
C0175,compound,1,699,164
C0176,compound,1,700,165
C0177,compound,1,701,166
C0178,compound,1,702,167
C0179,compound,1,703,168
C0180,compound,1,704,169
C0181,compound,1,705,170
C0182,compound,1,706,171
C0183,compound,1,707,172
C0184,compound,1,708,173
C0185,compound,1,709,174
C0186,compound,1,710,175
C0187,compound,1,711,176
C0188,compound,1,712,177
C0189,compound,1,713,178
C0190,compound,1,714,179
C0191,compound,1,715,180
C0192,compound,1,716,181
C0193,compound,1,717,182
C0194,compound,1,718,183
C0196,compound,1,719,184
C0197,compound,1,720,185
C0198,compound,1,721,186
C0199,compound,1,722,187
C0200,compound,1,723,188
C0201,compound,1,724,189
C0202,compound,1,725,190
C0203,compound,1,726,191
C0204,compound,1,727,192
C0205,compound,1,728,193
C0206,compound,1,729,194
C0207,compound,1,730,195
C0208,compound,1,731,196
C0209,compound,1,732,197
C0210,compound,1,733,198
C0211,compound,1,734,199
C0212,compound,1,735,200
C0213,compound,1,736,201
C0214,compound,1,737,202
C0215,compound,1,738,203
C0216,compound,1,739,204
C0218,compound,1,740,205
C0219,compound,1,741,206
C0220,compound,1,742,207
C0221,compound,1,743,208
C0222,compound,1,744,209
C0223,compound,1,745,210
C0224,compound,1,746,211
C0225,compound,1,747,212
C0226,compound,1,748,213
C0227,compound,1,749,214
C0228,compound,1,750,215
C0229,compound,1,751,216
C0230,compound,1,752,217
C0231,compound,1,753,218
C0232,compound,1,754,219
C0233,compound,1,755,220
C0235,compound,1,756,221
C0236,compound,1,757,222
C0237,compound,1,758,223
C0238,compound,1,759,224
C0239,compound,1,760,225
C0240,compound,1,761,226
C0241,compound,1,762,227
C0242,compound,1,763,228
C0243,compound,1,764,229
C0244,compound,1,765,230
C0245,compound,1,766,231
C0246,compound,1,767,232
C0247,compound,1,768,233
C0248,compound,1,769,234
C0249,compound,1,770,235
C0250,compound,1,771,236
C0251,compound,1,772,237
C0252,compound,1,773,238
C0253,compound,1,774,239
C0254,compound,1,775,240
C0255,compound,1,776,241
C0256,compound,1,777,242
C0257,compound,1,778,243
C0258,compound,1,779,244
C0259,compound,1,780,245
C0260,compound,1,781,246
C0261,compound,1,782,247
C0262,compound,1,783,248
C0263,compound,1,784,249
C0264,compound,1,785,250
C0265,compound,1,786,251
C0266,compound,1,787,252
C0267,compound,1,788,253
C0268,compound,1,789,254
C0269,compound,1,790,255
C0270,compound,1,791,256
C0271,compound,1,792,257
C0272,compound,1,793,258
C0273,compound,1,794,259
C0274,compound,1,795,260
C0275,compound,1,796,261
C0276,compound,1,797,262
C0277,compound,1,798,263
C0278,compound,1,799,264
C0279,compound,1,800,265
C0280,compound,1,801,266
C0281,compound,1,802,267
C0282,compound,1,803,268
C0283,compound,1,804,269
C0284,compound,1,805,270
C0285,compound,1,806,271
C0286,compound,1,807,272
C0287,compound,1,808,273
C0288,compound,1,809,274
C0289,compound,1,810,275
C0290,compound,1,811,276
C0291,compound,1,812,277
C0292,compound,1,813,278
C0293,compound,1,814,279
C0294,compound,1,815,280
C0295,compound,1,816,281
C0296,compound,1,817,282
C0297,compound,1,818,283
C0298,compound,1,819,284
C0299,compound,1,820,285
C0300,compound,1,821,286
C0301,compound,1,822,287
C0302,compound,1,823,288
C0303,compound,1,824,289
C0304,compound,1,825,290
C0305,compound,1,826,291
C0306,compound,1,827,292
C0307,compound,1,828,293
C0308,compound,1,829,294
C0309,compound,1,830,295
C0310,compound,1,831,296
C0311,compound,1,832,297
C0312,compound,1,833,298
C0314,compound,1,834,299
C0315,compound,1,835,300
C0316,compound,1,836,301
C0317,compound,1,837,302
C0318,compound,1,838,303
C0320,compound,1,839,304
C0321,compound,1,840,305
C0322,compound,1,841,306
C0323,compound,1,842,307
C0324,compound,1,843,308
C0325,compound,1,844,309
C0326,compound,1,845,310
C0327,compound,1,846,311
C0328,compound,1,847,312
C0329,compound,1,848,313
C0330,compound,1,849,314
C0331,compound,1,850,315
C0332,compound,1,851,316
C0333,compound,1,852,317
C0334,compound,1,853,318
C0335,compound,1,854,319
C0336,compound,1,855,320
C0337,compound,1,856,321
C0338,compound,1,857,322
C0339,compound,1,858,323
C0340,compound,1,859,324
C0342,compound,1,860,325
C0343,compound,1,861,326
C0344,compound,1,862,327
C0345,compound,1,863,328
C0346,compound,1,864,329
C0347,compound,1,865,330
C0348,compound,1,866,331
C0349,compound,1,867,332
C0350,compound,1,868,333
C0351,compound,1,869,334
C0352,compound,1,870,335
C0353,compound,1,871,336
C0354,compound,1,872,337
C0355,compound,1,873,338
C0356,compound,1,874,339
C0357,compound,1,875,340
C0358,compound,1,876,341
C0359,compound,1,877,342
C0361,compound,1,878,343
C0362,compound,1,879,344
C0363,compound,1,880,345
C0364,compound,1,881,346
C0365,compound,1,882,347
C0366,compound,1,883,348
C0368,compound,1,884,349
C0369,compound,1,885,350
C0370,compound,1,886,351
C0371,compound,1,887,352
C0372,compound,1,888,353
C0373,compound,1,889,354
C0374,compound,1,890,355
C0375,compound,1,891,356
C0376,compound,1,892,357
C0377,compound,1,893,358
C0378,compound,1,894,359
C0379,compound,1,895,360
C0380,compound,1,896,361
C0381,compound,1,897,362
C0382,compound,1,898,363
C0383,compound,1,899,364
C0384,compound,1,900,365
C0385,compound,1,901,366
C0386,compound,1,902,367
C0387,compound,1,903,368
C0388,compound,1,904,369
C0389,compound,1,905,370
C0390,compound,1,906,371
C0391,compound,1,907,372
C0392,compound,1,908,373
C0393,compound,1,909,374
C0394,compound,1,910,375
C0395,compound,1,911,376
C0396,compound,1,912,377
C0397,compound,1,913,378
C0398,compound,1,914,379
C0399,compound,1,915,380
C0400,compound,1,916,381
C0401,compound,1,917,382
C0402,compound,1,918,383
C0403,compound,1,919,384
C0404,compound,1,920,385
C0405,compound,1,921,386
C0406,compound,1,922,387
C0407,compound,1,923,388
C0408,compound,1,924,389
C0409,compound,1,925,390
C0410,compound,1,926,391
C0411,compound,1,927,392
C0412,compound,1,928,393
C0413,compound,1,929,394
C0414,compound,1,930,395
C0415,compound,1,931,396
C0416,compound,1,932,397
C0417,compound,1,933,398
C0418,compound,1,934,399
C0419,compound,1,935,400
C0420,compound,1,936,401
C0421,compound,1,937,402
C0422,compound,1,938,403
C0423,compound,1,939,404
C0424,compound,1,940,405
C0425,compound,1,941,406
C0426,compound,1,942,407
C0427,compound,1,943,408
C0428,compound,1,944,409
C0429,compound,1,945,410
C0430,compound,1,946,411
C0431,compound,1,947,412
C0432,compound,1,948,413
C0433,compound,1,949,414
C0434,compound,1,950,415
C0435,compound,1,951,416
C0436,compound,1,952,417
C0437,compound,1,953,418
C0438,compound,1,954,419
C0439,compound,1,955,420
C0440,compound,1,956,421
C0441,compound,1,957,422
C0442,compound,1,958,423
C0443,compound,1,959,424
C0444,compound,1,960,425
C0445,compound,1,961,426
C0446,compound,1,962,427
C0447,compound,1,963,428
C0448,compound,1,964,429
C0449,compound,1,965,430
C0450,compound,1,966,431
C0451,compound,1,967,432
C0452,compound,1,968,433
C0453,compound,1,969,434
C0454,compound,1,970,435
C0455,compound,1,971,436
C0456,compound,1,972,437
C0457,compound,1,973,438
C0458,compound,1,974,439
C0459,compound,1,975,440
C0460,compound,1,976,441
C0461,compound,1,977,442
C0462,compound,1,978,443
C0463,compound,1,979,444
C0464,compound,1,980,445
C0465,compound,1,981,446
C0466,compound,1,982,447
C0467,compound,1,983,448
C0469,compound,1,984,449
C0470,compound,1,985,450
C0471,compound,1,986,451
C0472,compound,1,987,452
C0473,compound,1,988,453
C0474,compound,1,989,454
C0475,compound,1,990,455
C0476,compound,1,991,456
C0477,compound,1,992,457
C0478,compound,1,993,458
C0479,compound,1,994,459
C0480,compound,1,995,460
C0481,compound,1,996,461
C0482,compound,1,997,462
C0483,compound,1,998,463
C0484,compound,1,999,464
C0485,compound,1,1000,465
C0486,compound,1,1001,466
C0487,compound,1,1002,467
C0488,compound,1,1003,468
C0489,compound,1,1004,469
C0490,compound,1,1005,470
C0491,compound,1,1006,471
C0492,compound,1,1007,472
C0493,compound,1,1008,473
C0494,compound,1,1009,474
C0495,compound,1,1010,475
C0496,compound,1,1011,476
C0497,compound,1,1012,477
C0498,compound,1,1013,478
C0499,compound,1,1014,479
C0500,compound,1,1015,480
C0501,compound,1,1016,481
C0502,compound,1,1017,482
C0503,compound,1,1018,483
C0504,compound,1,1019,484
C0505,compound,1,1020,485
C0506,compound,1,1021,486
C0507,compound,1,1022,487
C0508,compound,1,1023,488
C0509,compound,1,1024,489
C0510,compound,1,1025,490
C0511,compound,1,1026,491
C0512,compound,1,1027,492
C0513,compound,1,1028,493
C0514,compound,1,1029,494
C0515,compound,1,1030,495
C0516,compound,1,1031,496
C0517,compound,1,1032,497
C0518,compound,1,1033,498
C0519,compound,1,1034,499
C0520,compound,1,1035,500
C0521,compound,1,1036,501
C0522,compound,1,1037,502
C0523,compound,1,1038,503
C0524,compound,1,1039,504
C0525,compound,1,1040,505
C0526,compound,1,1041,506
C0527,compound,1,1042,507
C0528,compound,1,1043,508
C0529,compound,1,1044,509
C0530,compound,1,1045,510
C0531,compound,1,1046,511
C0532,compound,1,1047,512
C0533,compound,1,1048,513
C0534,compound,1,1049,514
C0535,compound,1,1050,515
C0536,compound,1,1051,516
C0537,compound,1,1052,517
C0538,compound,1,1053,518
C0539,compound,1,1054,519
C0540,compound,1,1055,520
C0541,compound,1,1056,521
C0542,compound,1,1057,522
C0544,compound,1,1058,523
C0545,compound,1,1059,524
C0546,compound,1,1060,525
C0547,compound,1,1061,526
C0548,compound,1,1062,527
C0549,compound,1,1063,528
C0550,compound,1,1064,529
C0551,compound,1,1065,530
C0552,compound,1,1066,531
C0553,compound,1,1067,532
C0554,compound,1,1068,533
C0555,compound,1,1069,534
C0556,compound,1,1070,535
C0557,compound,1,1071,536
C0558,compound,1,1072,537
C0559,compound,1,1073,538
C0560,compound,1,1074,539
C0561,compound,1,1075,540
C0562,compound,1,1076,541
C0563,compound,1,1077,542
C0564,compound,1,1078,543
C0565,compound,1,1079,544
C0566,compound,1,1080,545
C0567,compound,1,1081,546
C0568,compound,1,1082,547
C0569,compound,1,1083,548
C0570,compound,1,1084,549
C0571,compound,1,1085,550
C0572,compound,1,1086,551
C0573,compound,1,1087,552
C0574,compound,1,1088,553
C0575,compound,1,1089,554
C0577,compound,1,1090,555
C0578,compound,1,1091,556
C0579,compound,1,1092,557
C0581,compound,1,1093,558
C0582,compound,1,1094,559
C0583,compound,1,1095,560
C0584,compound,1,1096,561
C0585,compound,1,1097,562
C0586,compound,1,1098,563
C0587,compound,1,1099,564
C0588,compound,1,1100,565
C0589,compound,1,1101,566
C0590,compound,1,1102,567
C0591,compound,1,1103,568
C0593,compound,1,1104,569
C0594,compound,1,1105,570
C0595,compound,1,1106,571
C0596,compound,1,1107,572
C0597,compound,1,1108,573
C0598,compound,1,1109,574
C0599,compound,1,1110,575
C0600,compound,1,1111,576
C0601,compound,1,1112,577
C0602,compound,1,1113,578
C0603,compound,1,1114,579
C0604,compound,1,1115,580
C0605,compound,1,1116,581
C0606,compound,1,1117,582
C0607,compound,1,1118,583
C0608,compound,1,1119,584
C0609,compound,1,1120,585
C0610,compound,1,1121,586
C0611,compound,1,1122,587
C0612,compound,1,1123,588
C0613,compound,1,1124,589
C0614,compound,1,1125,590
C0615,compound,1,1126,591
C0616,compound,1,1127,592
C0617,compound,1,1128,593
C0618,compound,1,1129,594
C0619,compound,1,1130,595
C0620,compound,1,1131,596
C0621,compound,1,1132,597
C0622,compound,1,1133,598
C0623,compound,1,1134,599
C0624,compound,1,1135,600
C0625,compound,1,1136,601
C0626,compound,1,1137,602
C0627,compound,1,1138,603
C0628,compound,1,1139,604
C0629,compound,1,1140,605
C0630,compound,1,1141,606
C0631,compound,1,1142,607
C0632,compound,1,1143,608
C0633,compound,1,1144,609
C0634,compound,1,1145,610
C0635,compound,1,1146,611
C0636,compound,1,1147,612
C0637,compound,1,1148,613
C0638,compound,1,1149,614
C0639,compound,1,1150,615
C0640,compound,1,1151,616
C0641,compound,1,1152,617
C0642,compound,1,1153,618
C0643,compound,1,1154,619
C0644,compound,1,1155,620
C0645,compound,1,1156,621
C0646,compound,1,1157,622
C0647,compound,1,1158,623
C0648,compound,1,1159,624
C0649,compound,1,1160,625
C0650,compound,1,1161,626
C0651,compound,1,1162,627
C0652,compound,1,1163,628
C0653,compound,1,1164,629
C0654,compound,1,1165,630
C0655,compound,1,1166,631
C0656,compound,1,1167,632
C0657,compound,1,1168,633
C0658,compound,1,1169,634
C0659,compound,1,1170,635
C0660,compound,1,1171,636
C0661,compound,1,1172,637
C0662,compound,1,1173,638
C0663,compound,1,1174,639
C0664,compound,1,1175,640
C0665,compound,1,1176,641
C0666,compound,1,1177,642
C0667,compound,1,1178,643
C0668,compound,1,1179,644
C0669,compound,1,1180,645
C0670,compound,1,1181,646
C0671,compound,1,1182,647
C0672,compound,1,1183,648
C0673,compound,1,1184,649
C0674,compound,1,1185,650
C0675,compound,1,1186,651
C0676,compound,1,1187,652
C0677,compound,1,1188,653
C0678,compound,1,1189,654
C0679,compound,1,1190,655
C0680,compound,1,1191,656
C0681,compound,1,1192,657
C0682,compound,1,1193,658
C0683,compound,1,1194,659
C0684,compound,1,1195,660
C0685,compound,1,1196,661
C0686,compound,1,1197,662
C0687,compound,1,1198,663
C0688,compound,1,1199,664
C0689,compound,1,1200,665
C0690,compound,1,1201,666
C0691,compound,1,1202,667
C0692,compound,1,1203,668
C0693,compound,1,1204,669
C0694,compound,1,1205,670
C0695,compound,1,1206,671
C0696,compound,1,1207,672
C0697,compound,1,1208,673
C0698,compound,1,1209,674
C0699,compound,1,1210,675
C0700,compound,1,1211,676
C0701,compound,1,1212,677
C0702,compound,1,1213,678
C0703,compound,1,1214,679
C0704,compound,1,1215,680
C0705,compound,1,1216,681
C0706,compound,1,1217,682
C0707,compound,1,1218,683
C0708,compound,1,1219,684
C0709,compound,1,1220,685
C0710,compound,1,1221,686
C0711,compound,1,1222,687
C0712,compound,1,1223,688
C0713,compound,1,1224,689
C0714,compound,1,1225,690
C0715,compound,1,1226,691
C0716,compound,1,1227,692
C0717,compound,1,1228,693
C0718,compound,1,1229,694
C0719,compound,1,1230,695
C0720,compound,1,1231,696
C0721,compound,1,1232,697
C0722,compound,1,1233,698
C0723,compound,1,1234,699
C0724,compound,1,1235,700
C0725,compound,1,1236,701
C0726,compound,1,1237,702
C0727,compound,1,1238,703
C0728,compound,1,1239,704
C0729,compound,1,1240,705
C0730,compound,1,1241,706
C0731,compound,1,1242,707
C0732,compound,1,1243,708
C0733,compound,1,1244,709
C0734,compound,1,1245,710
C0735,compound,1,1246,711
C0736,compound,1,1247,712
C0737,compound,1,1248,713
C0738,compound,1,1249,714
C0739,compound,1,1250,715
C0740,compound,1,1251,716
C0741,compound,1,1252,717
C0742,compound,1,1253,718
C0743,compound,1,1254,719
C0744,compound,1,1255,720
C0745,compound,1,1256,721
C0746,compound,1,1257,722
C0747,compound,1,1258,723
C0748,compound,1,1259,724
C0749,compound,1,1260,725
C0750,compound,1,1261,726
C0751,compound,1,1262,727
C0752,compound,1,1263,728
C0753,compound,1,1264,729
C0754,compound,1,1265,730
C0755,compound,1,1266,731
C0756,compound,1,1267,732
C0757,compound,1,1268,733
C0758,compound,1,1269,734
C0759,compound,1,1270,735
C0760,compound,1,1271,736
C0761,compound,1,1272,737
C0762,compound,1,1273,738
C0763,compound,1,1274,739
C0764,compound,1,1275,740
C0765,compound,1,1276,741
C0766,compound,1,1277,742
C0768,compound,1,1278,743
C0769,compound,1,1279,744
C0771,compound,1,1280,745
C0772,compound,1,1281,746
C0773,compound,1,1282,747
C0774,compound,1,1283,748
C0775,compound,1,1284,749
C0776,compound,1,1285,750
C0777,compound,1,1286,751
C0778,compound,1,1287,752
C0779,compound,1,1288,753
C0780,compound,1,1289,754
C0781,compound,1,1290,755
C0782,compound,1,1291,756
C0783,compound,1,1292,757
C0784,compound,1,1293,758
C0785,compound,1,1294,759
C0786,compound,1,1295,760
C0787,compound,1,1296,761
C0788,compound,1,1297,762
C0789,compound,1,1298,763
C0790,compound,1,1299,764
C0791,compound,1,1300,765
C0792,compound,1,1301,766
C0793,compound,1,1302,767
C0794,compound,1,1303,768
C0795,compound,1,1304,769
C0796,compound,1,1305,770
C0797,compound,1,1306,771
C0798,compound,1,1307,772
C0799,compound,1,1308,773
C0800,compound,1,1309,774
C0801,compound,1,1310,775
C0802,compound,1,1311,776
C0803,compound,1,1312,777
C0804,compound,1,1313,778
C0805,compound,1,1314,779
C0806,compound,1,1315,780
C0807,compound,1,1316,781
C0808,compound,1,1317,782
C0809,compound,1,1318,783
C0810,compound,1,1319,784
C0811,compound,1,1320,785
C0812,compound,1,1321,786
C0813,compound,1,1322,787
C0814,compound,1,1323,788
C0815,compound,1,1324,789
C0816,compound,1,1325,790
C0817,compound,1,1326,791
C0818,compound,1,1327,792
C0819,compound,1,1328,793
C0821,compound,1,1329,794
C0822,compound,1,1330,795
C0823,compound,1,1331,796
C0824,compound,1,1332,797
C0825,compound,1,1333,798
C0826,compound,1,1334,799
C0827,compound,1,1335,800
C0828,compound,1,1336,801
C0829,compound,1,1337,802
C0830,compound,1,1338,803
C0831,compound,1,1339,804
C0832,compound,1,1340,805
C0833,compound,1,1341,806
C0834,compound,1,1342,807
C0835,compound,1,1343,808
C0836,compound,1,1344,809
C0837,compound,1,1345,810
C0838,compound,1,1346,811
C0839,compound,1,1347,812
C0840,compound,1,1348,813
C0841,compound,1,1349,814
C0842,compound,1,1350,815
C0843,compound,1,1351,816
C0844,compound,1,1352,817
C0845,compound,1,1353,818
C0846,compound,1,1354,819
C0847,compound,1,1355,820
C0848,compound,1,1356,821
C0849,compound,1,1357,822
C0850,compound,1,1358,823
C0851,compound,1,1359,824
C0852,compound,1,1360,825
C0853,compound,1,1361,826
C0854,compound,1,1362,827
C0855,compound,1,1363,828
C0856,compound,1,1364,829
C0857,compound,1,1365,830
C0858,compound,1,1366,831
C0859,compound,1,1367,832
C0860,compound,1,1368,833
C0861,compound,1,1369,834
C0862,compound,1,1370,835
C0863,compound,1,1371,836
C0864,compound,1,1372,837
C0865,compound,1,1373,838
C0866,compound,1,1374,839
C0867,compound,1,1375,840
C0868,compound,1,1376,841
C0869,compound,1,1377,842
C0870,compound,1,1378,843
C0871,compound,1,1379,844
C0872,compound,1,1380,845
C0873,compound,1,1381,846
C0874,compound,1,1382,847
C0875,compound,1,1383,848
C0876,compound,1,1384,849
C0877,compound,1,1385,850
C0878,compound,1,1386,851
C0879,compound,1,1387,852
C0880,compound,1,1388,853
C0881,compound,1,1389,854
C0882,compound,1,1390,855
C0883,compound,1,1391,856
C0884,compound,1,1392,857
C0885,compound,1,1393,858
C0886,compound,1,1394,859
C0887,compound,1,1395,860
C0888,compound,1,1396,861
C0889,compound,1,1397,862
C0890,compound,1,1398,863
C0891,compound,1,1399,864
C0892,compound,1,1400,865
C0893,compound,1,1401,866
C0894,compound,1,1402,867
C0895,compound,1,1403,868
C0896,compound,1,1404,869
C0897,compound,1,1405,870
C0898,compound,1,1406,871
C0899,compound,1,1407,872
C0900,compound,1,1408,873
C0901,compound,1,1409,874
C0902,compound,1,1410,875
C0903,compound,1,1411,876
C0904,compound,1,1412,877
C0905,compound,1,1413,878
C0906,compound,1,1414,879
C0907,compound,1,1415,880
C0908,compound,1,1416,881
C0910,compound,1,1417,882
C0911,compound,1,1418,883
C0912,compound,1,1419,884
C0913,compound,1,1420,885
C0914,compound,1,1421,886
C0915,compound,1,1422,887
C0916,compound,1,1423,888
C0917,compound,1,1424,889
C0918,compound,1,1425,890
C0919,compound,1,1426,891
C0920,compound,1,1427,892
C0921,compound,1,1428,893
C0922,compound,1,1429,894
C0923,compound,1,1430,895
C0924,compound,1,1431,896
C0925,compound,1,1432,897
C0926,compound,1,1433,898
C0927,compound,1,1434,899
C0928,compound,1,1435,900
C0929,compound,1,1436,901
C0930,compound,1,1437,902
C0931,compound,1,1438,903
C0932,compound,1,1439,904
C0933,compound,1,1440,905
C0934,compound,1,1441,906
C0935,compound,1,1442,907
C0956,compound,1,1443,908
C0987,compound,1,1444,909
C1008,compound,1,1445,910
C1019,compound,1,1446,911
C1030,compound,1,1447,912
C1051,compound,1,1448,913
C1092,compound,1,1449,914
C1103,compound,1,1450,915
C1114,compound,1,1451,916
C1125,compound,1,1452,917
C1136,compound,1,1453,918
C1162,compound,1,1454,919
C1163,compound,1,1455,920
C1164,compound,1,1456,921
C1165,compound,1,1457,922
C1166,compound,1,1458,923
C1167,compound,1,1459,924
C1168,compound,1,1460,925
C1169,compound,1,1461,926
C1170,compound,1,1462,927
C1171,compound,1,1463,928
C1172,compound,1,1464,929
C1173,compound,1,1465,930
C1174,compound,1,1466,931
C1175,compound,1,1467,932
C1176,compound,1,1468,933
C1177,compound,1,1469,934
C1178,compound,1,1470,935
C1179,compound,1,1471,936
C1180,compound,1,1472,937
C1181,compound,1,1473,938
C1182,compound,1,1474,939
C1183,compound,1,1475,940
C1184,compound,1,1476,941
C1185,compound,1,1477,942
C1186,compound,1,1478,943
C1187,compound,1,1479,944
C1188,compound,1,1480,945
C1189,compound,1,1481,946
C1190,compound,1,1482,947
C1191,compound,1,1483,948
C1192,compound,1,1484,949
C1193,compound,1,1485,950
C1194,compound,1,1486,951
C1195,compound,1,1487,952
C1196,compound,1,1488,953
C1197,compound,1,1489,954
C1198,compound,1,1490,955
C1199,compound,1,1491,956
C1200,compound,1,1492,957
C1201,compound,1,1493,958
C1202,compound,1,1494,959
C1203,compound,1,1495,960
C1204,compound,1,1496,961
C1205,compound,1,1497,962
C1206,compound,1,1498,963
C1207,compound,1,1499,964
C1208,compound,1,1500,965
C1209,compound,1,1501,966
C1210,compound,1,1502,967
C1211,compound,1,1503,968
C1212,compound,1,1504,969
C1213,compound,1,1505,970
C1214,compound,1,1506,971
C1215,compound,1,1507,972
C1216,compound,1,1508,973
C1217,compound,1,1509,974
C1218,compound,1,1510,975
C1219,compound,1,1511,976
C1220,compound,1,1512,977
C1221,compound,1,1513,978
C1222,compound,1,1514,979
C1223,compound,1,1515,980
C1224,compound,1,1516,981
C1225,compound,1,1517,982
C1226,compound,1,1518,983
C1227,compound,1,1519,984
C1228,compound,1,1520,985
C1229,compound,1,1521,986
C1230,compound,1,1522,987
C1231,compound,1,1523,988
C1232,compound,1,1524,989
C1233,compound,1,1525,990
C1234,compound,1,1526,991
C1235,compound,1,1527,992
C1236,compound,1,1528,993
C1237,compound,1,1529,994
C1238,compound,1,1530,995
C1239,compound,1,1531,996
C1240,compound,1,1532,997
C1241,compound,1,1533,998
C1242,compound,1,1534,999
C1243,compound,1,1535,1000
C1244,compound,1,1536,1001
C1245,compound,1,1537,1002
C1246,compound,1,1538,1003
C1247,compound,1,1539,1004
C1248,compound,1,1540,1005
C1249,compound,1,1541,1006
C1250,compound,1,1542,1007
C1251,compound,1,1543,1008
C1252,compound,1,1544,1009
C1253,compound,1,1545,1010
C1254,compound,1,1546,1011
C1255,compound,1,1547,1012
C1256,compound,1,1548,1013
C1257,compound,1,1549,1014
C1258,compound,1,1550,1015
C1259,compound,1,1551,1016
C1260,compound,1,1552,1017
C1261,compound,1,1553,1018
C1262,compound,1,1554,1019
C1263,compound,1,1555,1020
C1264,compound,1,1556,1021
C1265,compound,1,1557,1022
C1266,compound,1,1558,1023
C1267,compound,1,1559,1024
C1268,compound,1,1560,1025
C1269,compound,1,1561,1026
C1270,compound,1,1562,1027
C1271,compound,1,1563,1028
C1272,compound,1,1564,1029
C1273,compound,1,1565,1030
C1274,compound,1,1566,1031
C1275,compound,1,1567,1032
C1276,compound,1,1568,1033
C1277,compound,1,1569,1034
C1278,compound,1,1570,1035
C1279,compound,1,1571,1036
C1280,compound,1,1572,1037
C1281,compound,1,1573,1038
C1282,compound,1,1574,1039
C1283,compound,1,1575,1040
C1284,compound,1,1576,1041
AAGAB,target,2,1577,0
AATF,target,2,1578,1
ABAT,target,2,1579,2
ABCA1,target,2,1580,3
ABCB1,target,2,1581,4
ABCB11,target,2,1582,5
ABCB4,target,2,1583,6
ABCB6,target,2,1584,7
ABCC1,target,2,1585,8
ABCC2,target,2,1586,9
ABCC3,target,2,1587,10
ABCC4,target,2,1588,11
ABCC5,target,2,1589,12
ABCF3,target,2,1590,13
ABCG1,target,2,1591,14
ABCG2,target,2,1592,15
ABCG5,target,2,1593,16
ABCG8,target,2,1594,17
ABHD12,target,2,1595,18
ABHD15,target,2,1596,19
ABHD6,target,2,1597,20
ABL1,target,2,1598,21
ABL2,target,2,1599,22
ACACA,target,2,1600,23
ACAD10,target,2,1601,24
ACADM,target,2,1602,25
ACAN,target,2,1603,26
ACAT1,target,2,1604,27
ACE,target,2,1605,28
ACE2,target,2,1606,29
ACHE,target,2,1607,30
ACLY,target,2,1608,31
ACOX1,target,2,1609,32
ACP1,target,2,1610,33
ACP5,target,2,1611,34
ACTA2,target,2,1612,35
ACVR1,target,2,1613,36
ADA,target,2,1614,37
ADAM10,target,2,1615,38
ADAM17,target,2,1616,39
ADAM9,target,2,1617,40
ADAMTS4,target,2,1618,41
ADAMTS5,target,2,1619,42
ADCY8,target,2,1620,43
ADCYAP1,target,2,1621,44
ADH1C,target,2,1622,45
ADH4,target,2,1623,46
ADH5,target,2,1624,47
ADIPOQ,target,2,1625,48
ADIPOR1,target,2,1626,49
ADIPOR2,target,2,1627,50
ADK,target,2,1628,51
ADM,target,2,1629,52
ADORA1,target,2,1630,53
ADORA2A,target,2,1631,54
ADORA2B,target,2,1632,55
ADORA3,target,2,1633,56
ADRA1A,target,2,1634,57
ADRA1B,target,2,1635,58
ADRA1D,target,2,1636,59
ADRA2A,target,2,1637,60
ADRA2B,target,2,1638,61
ADRA2C,target,2,1639,62
ADRB1,target,2,1640,63
ADRB2,target,2,1641,64
ADRB3,target,2,1642,65
AFP,target,2,1643,66
AGER,target,2,1644,67
AGL,target,2,1645,68
AGRN,target,2,1646,69
AGRP,target,2,1647,70
AGT,target,2,1648,71
AGTR1,target,2,1649,72
AGTR2,target,2,1650,73
AGTRAP,target,2,1651,74
AHCY,target,2,1652,75
AHCYL1,target,2,1653,76
AHR,target,2,1654,77
AHSG,target,2,1655,78
AIFM1,target,2,1656,79
AKAP12,target,2,1657,80
AKR1A1,target,2,1658,81
AKR1B1,target,2,1659,82
AKR1B10,target,2,1660,83
AKR1C1,target,2,1661,84
AKR1C2,target,2,1662,85
AKR1C3,target,2,1663,86
AKR1C4,target,2,1664,87
AKT1,target,2,1665,88
AKT2,target,2,1666,89
ALAS1,target,2,1667,90
ALB,target,2,1668,91
ALDH1A1,target,2,1669,92
ALDH1A2,target,2,1670,93
ALDH1A3,target,2,1671,94
ALDH1B1,target,2,1672,95
ALDH2,target,2,1673,96
ALDH3A1,target,2,1674,97
ALDH5A1,target,2,1675,98
ALDH7A1,target,2,1676,99
ALDOB,target,2,1677,100
ALK,target,2,1678,101
ALKBH1,target,2,1679,102
ALKBH2,target,2,1680,103
ALKBH3,target,2,1681,104
ALKBH5,target,2,1682,105
ALOX12,target,2,1683,106
ALOX15,target,2,1684,107
ALOX15B,target,2,1685,108
ALOX5,target,2,1686,109
ALOX5AP,target,2,1687,110
ALPG,target,2,1688,111
ALPI,target,2,1689,112
ALPL,target,2,1690,113
AMER1,target,2,1691,114
AMH,target,2,1692,115
AMY1A,target,2,1693,116
AMY2A,target,2,1694,117
ANGPT1,target,2,1695,118
ANGPT2,target,2,1696,119
ANGPTL4,target,2,1697,120
ANO1,target,2,1698,121
ANPEP,target,2,1699,122
ANXA1,target,2,1700,123
AOX1,target,2,1701,124
APAF1,target,2,1702,125
APC,target,2,1703,126
APEX1,target,2,1704,127
APLN,target,2,1705,128
APOA1,target,2,1706,129
APOA4,target,2,1707,130
APOA5,target,2,1708,131
APOB,target,2,1709,132
APOBEC3A,target,2,1710,133
APOBEC3B,target,2,1711,134
APOBEC3G,target,2,1712,135
APOD,target,2,1713,136
APOE,target,2,1714,137
APOF,target,2,1715,138
APOM,target,2,1716,139
APP,target,2,1717,140
AQP1,target,2,1718,141
AQP2,target,2,1719,142
AQP3,target,2,1720,143
AQP4,target,2,1721,144
AQP5,target,2,1722,145
AQP7,target,2,1723,146
AQP8,target,2,1724,147
AQP9,target,2,1725,148
AR,target,2,1726,149
ARC,target,2,1727,150
ARF1,target,2,1728,151
ARG1,target,2,1729,152
ARG2,target,2,1730,153
ARRB1,target,2,1731,154
ASCL1,target,2,1732,155
ASGR1,target,2,1733,156
ASIC3,target,2,1734,157
ASPH,target,2,1735,158
ATAD2,target,2,1736,159
ATF2,target,2,1737,160
ATF3,target,2,1738,161
ATF4,target,2,1739,162
ATF6,target,2,1740,163
ATG12,target,2,1741,164
ATG4B,target,2,1742,165
ATG5,target,2,1743,166
ATG7,target,2,1744,167
ATIC,target,2,1745,168
ATM,target,2,1746,169
ATP1A1,target,2,1747,170
ATP2A1,target,2,1748,171
ATP2A2,target,2,1749,172
ATP2A3,target,2,1750,173
ATP4A,target,2,1751,174
ATP5F1B,target,2,1752,175
ATP6AP2,target,2,1753,176
ATP7A,target,2,1754,177
ATR,target,2,1755,178
AURKA,target,2,1756,179
AURKB,target,2,1757,180
AVP,target,2,1758,181
AVPR1A,target,2,1759,182
AVPR1B,target,2,1760,183
AVPR2,target,2,1761,184
AXIN1,target,2,1762,185
AXIN2,target,2,1763,186
AXL,target,2,1764,187
AZIN2,target,2,1765,188
B2M,target,2,1766,189
BACE1,target,2,1767,190
BACH1,target,2,1768,191
BAD,target,2,1769,192
BAK1,target,2,1770,193
BAP1,target,2,1771,194
BARD1,target,2,1772,195
BAX,target,2,1773,196
BBC3,target,2,1774,197
BBOX1,target,2,1775,198
BCHE,target,2,1776,199
BCL11A,target,2,1777,200
BCL2,target,2,1778,201
BCL2A1,target,2,1779,202
BCL2L1,target,2,1780,203
BCL2L10,target,2,1781,204
BCL2L11,target,2,1782,205
BCL2L12,target,2,1783,206
BCL2L2,target,2,1784,207
BDKRB2,target,2,1785,208
BDNF,target,2,1786,209
BECN1,target,2,1787,210
BGLAP,target,2,1788,211
BHLHE40,target,2,1789,212
BHMT,target,2,1790,213
BID,target,2,1791,214
BIK,target,2,1792,215
BIRC2,target,2,1793,216
BIRC3,target,2,1794,217
BIRC5,target,2,1795,218
BIRC7,target,2,1796,219
BLK,target,2,1797,220
BMAL1,target,2,1798,221
BMF,target,2,1799,222
BMI1,target,2,1800,223
BMP2,target,2,1801,224
BMP4,target,2,1802,225
BMP5,target,2,1803,226
BMPR2,target,2,1804,227
BMX,target,2,1805,228
BNIP3,target,2,1806,229
BOK,target,2,1807,230
BRAF,target,2,1808,231
BRCA1,target,2,1809,232
BRCA2,target,2,1810,233
BRD4,target,2,1811,234
BRF1,target,2,1812,235
BRSK1,target,2,1813,236
BSG,target,2,1814,237
BTK,target,2,1815,238
BTN3A1,target,2,1816,239
BTRC,target,2,1817,240
BUB1,target,2,1818,241
C3,target,2,1819,242
C5,target,2,1820,243
C5AR1,target,2,1821,244
CA1,target,2,1822,245
CA12,target,2,1823,246
CA13,target,2,1824,247
CA14,target,2,1825,248
CA2,target,2,1826,249
CA3,target,2,1827,250
CA4,target,2,1828,251
CA5A,target,2,1829,252
CA5B,target,2,1830,253
CA6,target,2,1831,254
CA7,target,2,1832,255
CA9,target,2,1833,256
CACNA1C,target,2,1834,257
CACNA1D,target,2,1835,258
CACNA1G,target,2,1836,259
CACNA1H,target,2,1837,260
CACNA1I,target,2,1838,261
CACNA1S,target,2,1839,262
CACNA2D1,target,2,1840,263
CACUL1,target,2,1841,264
CALB2,target,2,1842,265
CALCA,target,2,1843,266
CALCR,target,2,1844,267
CALM1,target,2,1845,268
CALR,target,2,1846,269
CAMK2A,target,2,1847,270
CAMK2B,target,2,1848,271
CAMK2D,target,2,1849,272
CAMK2G,target,2,1850,273
CAMK4,target,2,1851,274
CAMKK2,target,2,1852,275
CAMP,target,2,1853,276
CAPN1,target,2,1854,277
CARM1,target,2,1855,278
CARTPT,target,2,1856,279
CASP1,target,2,1857,280
CASP10,target,2,1858,281
CASP12,target,2,1859,282
CASP14,target,2,1860,283
CASP2,target,2,1861,284
CASP3,target,2,1862,285
CASP6,target,2,1863,286
CASP7,target,2,1864,287
CASP8,target,2,1865,288
CASP9,target,2,1866,289
CASR,target,2,1867,290
CAT,target,2,1868,291
CATSPER1,target,2,1869,292
CAV1,target,2,1870,293
CAV3,target,2,1871,294
CBR1,target,2,1872,295
CBS,target,2,1873,296
CCK,target,2,1874,297
CCKAR,target,2,1875,298
CCKBR,target,2,1876,299
CCL11,target,2,1877,300
CCL16,target,2,1878,301
CCL2,target,2,1879,302
CCL22,target,2,1880,303
CCL24,target,2,1881,304
CCL26,target,2,1882,305
CCL3,target,2,1883,306
CCL4,target,2,1884,307
CCL5,target,2,1885,308
CCN1,target,2,1886,309
CCN2,target,2,1887,310
CCN5,target,2,1888,311
CCNA2,target,2,1889,312
CCNB1,target,2,1890,313
CCND1,target,2,1891,314
CCND2,target,2,1892,315
CCND3,target,2,1893,316
CCNE1,target,2,1894,317
CCNE2,target,2,1895,318
CCNG1,target,2,1896,319
CCR1,target,2,1897,320
CCR2,target,2,1898,321
CCR3,target,2,1899,322
CCR4,target,2,1900,323
CCR5,target,2,1901,324
CCR6,target,2,1902,325
CCR7,target,2,1903,326
CD14,target,2,1904,327
CD19,target,2,1905,328
CD1A,target,2,1906,329
CD1D,target,2,1907,330
CD200,target,2,1908,331
CD209,target,2,1909,332
CD24,target,2,1910,333
CD274,target,2,1911,334
CD276,target,2,1912,335
CD28,target,2,1913,336
CD33,target,2,1914,337
CD34,target,2,1915,338
CD36,target,2,1916,339
CD38,target,2,1917,340
CD4,target,2,1918,341
CD40,target,2,1919,342
CD40LG,target,2,1920,343
CD44,target,2,1921,344
CD46,target,2,1922,345
CD55,target,2,1923,346
CD69,target,2,1924,347
CD80,target,2,1925,348
CD81,target,2,1926,349
CD83,target,2,1927,350
CD86,target,2,1928,351
CD9,target,2,1929,352
CDA,target,2,1930,353
CDC20,target,2,1931,354
CDC25A,target,2,1932,355
CDC25B,target,2,1933,356
CDC25C,target,2,1934,357
CDC37,target,2,1935,358
CDC42,target,2,1936,359
CDC42BPA,target,2,1937,360
CDC45,target,2,1938,361
CDC7,target,2,1939,362
CDH1,target,2,1940,363
CDH11,target,2,1941,364
CDH2,target,2,1942,365
CDH5,target,2,1943,366
CDH6,target,2,1944,367
CDK1,target,2,1945,368
CDK2,target,2,1946,369
CDK4,target,2,1947,370
CDK5,target,2,1948,371
CDK6,target,2,1949,372
CDK7,target,2,1950,373
CDK8,target,2,1951,374
CDK9,target,2,1952,375
CDKN1A,target,2,1953,376
CDKN1B,target,2,1954,377
CDKN2A,target,2,1955,378
CDKN2B,target,2,1956,379
CDKN2C,target,2,1957,380
CDR1,target,2,1958,381
CDT1,target,2,1959,382
CDX2,target,2,1960,383
CEBPA,target,2,1961,384
CEBPB,target,2,1962,385
CEBPD,target,2,1963,386
CEBPE,target,2,1964,387
CELF1,target,2,1965,388
CENPE,target,2,1966,389
CERS6,target,2,1967,390
CES1,target,2,1968,391
CES2,target,2,1969,392
CETP,target,2,1970,393
CFL1,target,2,1971,394
CFLAR,target,2,1972,395
CFTR,target,2,1973,396
CGAS,target,2,1974,397
CHAT,target,2,1975,398
CHEK2,target,2,1976,399
CHGA,target,2,1977,400
CHGB,target,2,1978,401
CHRM1,target,2,1979,402
CHRM2,target,2,1980,403
CHRM3,target,2,1981,404
CHRM4,target,2,1982,405
CHRM5,target,2,1983,406
CHRNA1,target,2,1984,407
CHRNA3,target,2,1985,408
CHRNA4,target,2,1986,409
CHRNA5,target,2,1987,410
CHRNA6,target,2,1988,411
CHRNA7,target,2,1989,412
CHRNA9,target,2,1990,413
CHRNE,target,2,1991,414
CHST10,target,2,1992,415
CHUK,target,2,1993,416
CIDEB,target,2,1994,417
CIP2A,target,2,1995,418
CISD1,target,2,1996,419
CISD2,target,2,1997,420
CIT,target,2,1998,421
CKB,target,2,1999,422
CLCN3,target,2,2000,423
CLDN1,target,2,2001,424
CLDN11,target,2,2002,425
CLDN2,target,2,2003,426
CLDN3,target,2,2004,427
CLDN4,target,2,2005,428
CLDN5,target,2,2006,429
CLEC1B,target,2,2007,430
CLEC2A,target,2,2008,431
CLEC2B,target,2,2009,432
CLEC7A,target,2,2010,433
CLIC1,target,2,2011,434
CLIP1,target,2,2012,435
CLK1,target,2,2013,436
CLK2,target,2,2014,437
CLK3,target,2,2015,438
CLK4,target,2,2016,439
CLPB,target,2,2017,440
CLU,target,2,2018,441
CMA1,target,2,2019,442
CMAHP,target,2,2020,443
CNGA3,target,2,2021,444
CNP,target,2,2022,445
CNR1,target,2,2023,446
CNR2,target,2,2024,447
CNTF,target,2,2025,448
COG2,target,2,2026,449
COL10A1,target,2,2027,450
COL18A1,target,2,2028,451
COL1A1,target,2,2029,452
COL1A2,target,2,2030,453
COL2A1,target,2,2031,454
COL3A1,target,2,2032,455
COL4A4,target,2,2033,456
COL7A1,target,2,2034,457
COL9A1,target,2,2035,458
COMT,target,2,2036,459
COPS5,target,2,2037,460
CORT,target,2,2038,461
COX8A,target,2,2039,462
CPD,target,2,2040,463
CPM,target,2,2041,464
CPT1A,target,2,2042,465
CPT1B,target,2,2043,466
CRBN,target,2,2044,467
CRCP,target,2,2045,468
CREB1,target,2,2046,469
CREB3L3,target,2,2047,470
CREBBP,target,2,2048,471
CREM,target,2,2049,472
CRH,target,2,2050,473
CRHBP,target,2,2051,474
CRHR1,target,2,2052,475
CRHR2,target,2,2053,476
CRISP2,target,2,2054,477
CRISPLD2,target,2,2055,478
CRK,target,2,2056,479
CRMP1,target,2,2057,480
CRP,target,2,2058,481
CRTC1,target,2,2059,482
CRTC2,target,2,2060,483
CRYAB,target,2,2061,484
CRYBA1,target,2,2062,485
CRYZ,target,2,2063,486
CS,target,2,2064,487
CSF1,target,2,2065,488
CSF2,target,2,2066,489
CSF3R,target,2,2067,490
CSN2,target,2,2068,491
CSNK1D,target,2,2069,492
CSNK1E,target,2,2070,493
CSNK2A1,target,2,2071,494
CSNK2A2,target,2,2072,495
CSRP1,target,2,2073,496
CSTB,target,2,2074,497
CTBP2,target,2,2075,498
CTDSP1,target,2,2076,499
CTLA4,target,2,2077,500
CTNNB1,target,2,2078,501
CTRB1,target,2,2079,502
CTRC,target,2,2080,503
CTSB,target,2,2081,504
CTSC,target,2,2082,505
CTSD,target,2,2083,506
CTSG,target,2,2084,507
CTSK,target,2,2085,508
CTSL,target,2,2086,509
CTSS,target,2,2087,510
CX3CL1,target,2,2088,511
CX3CR1,target,2,2089,512
CXADR,target,2,2090,513
CXCL1,target,2,2091,514
CXCL10,target,2,2092,515
CXCL12,target,2,2093,516
CXCL13,target,2,2094,517
CXCL14,target,2,2095,518
CXCL16,target,2,2096,519
CXCL2,target,2,2097,520
CXCL8,target,2,2098,521
CXCR1,target,2,2099,522
CXCR4,target,2,2100,523
CXCR5,target,2,2101,524
CYBA,target,2,2102,525
CYBB,target,2,2103,526
CYCS,target,2,2104,527
CYP11A1,target,2,2105,528
CYP11B2,target,2,2106,529
CYP17A1,target,2,2107,530
CYP19A1,target,2,2108,531
CYP1A1,target,2,2109,532
CYP1A2,target,2,2110,533
CYP1B1,target,2,2111,534
CYP21A2,target,2,2112,535
CYP24A1,target,2,2113,536
CYP26A1,target,2,2114,537
CYP27A1,target,2,2115,538
CYP27B1,target,2,2116,539
CYP2A13,target,2,2117,540
CYP2A6,target,2,2118,541
CYP2B6,target,2,2119,542
CYP2C19,target,2,2120,543
CYP2C8,target,2,2121,544
CYP2C9,target,2,2122,545
CYP2D6,target,2,2123,546
CYP2E1,target,2,2124,547
CYP2J2,target,2,2125,548
CYP3A4,target,2,2126,549
CYP3A5,target,2,2127,550
CYP3A7,target,2,2128,551
CYP46A1,target,2,2129,552
CYP4B1,target,2,2130,553
CYP4F3,target,2,2131,554
CYP51A1,target,2,2132,555
CYP7A1,target,2,2133,556
CYP8B1,target,2,2134,557
CYSLTR1,target,2,2135,558
CYSLTR2,target,2,2136,559
DAG1,target,2,2137,560
DAGLA,target,2,2138,561
DAO,target,2,2139,562
DAPK1,target,2,2140,563
DAPK2,target,2,2141,564
DAPK3,target,2,2142,565
DAXX,target,2,2143,566
DBH,target,2,2144,567
DBI,target,2,2145,568
DBP,target,2,2146,569
DCK,target,2,2147,570
DCLK3,target,2,2148,571
DCT,target,2,2149,572
DCTPP1,target,2,2150,573
DDAH1,target,2,2151,574
DDC,target,2,2152,575
DDIT3,target,2,2153,576
DDIT4,target,2,2154,577
DDIT4L,target,2,2155,578
DDX5,target,2,2156,579
DECR1,target,2,2157,580
DEPTOR,target,2,2158,581
DFFA,target,2,2159,582
DFFB,target,2,2160,583
DGAT1,target,2,2161,584
DHCR24,target,2,2162,585
DHCR7,target,2,2163,586
DHFR,target,2,2164,587
DHODH,target,2,2165,588
DIABLO,target,2,2166,589
DIO1,target,2,2167,590
DKK1,target,2,2168,591
DLAT,target,2,2169,592
DLC1,target,2,2170,593
DLG4,target,2,2171,594
DLK1,target,2,2172,595
DMP1,target,2,2173,596
DMPK,target,2,2174,597
DNAH8,target,2,2175,598
DNAJB4,target,2,2176,599
DNAJC5,target,2,2177,600
DNER,target,2,2178,601
DNMT1,target,2,2179,602
DNMT3A,target,2,2180,603
DNMT3B,target,2,2181,604
DNPEP,target,2,2182,605
DNPH1,target,2,2183,606
DNTT,target,2,2184,607
DOT1L,target,2,2185,608
DPP4,target,2,2186,609
DPYD,target,2,2187,610
DPYSL2,target,2,2188,611
DRD1,target,2,2189,612
DRD2,target,2,2190,613
DRD3,target,2,2191,614
DRD4,target,2,2192,615
DRD5,target,2,2193,616
DSPP,target,2,2194,617
DUOX2,target,2,2195,618
DUSP1,target,2,2196,619
DUSP3,target,2,2197,620
DYNC1LI1,target,2,2198,621
DYRK1A,target,2,2199,622
DYRK1B,target,2,2200,623
DYRK2,target,2,2201,624
DYRK3,target,2,2202,625
DYRK4,target,2,2203,626
DYSF,target,2,2204,627
E2F1,target,2,2205,628
E2F2,target,2,2206,629
ECE1,target,2,2207,630
ECI1,target,2,2208,631
ECM1,target,2,2209,632
EDN1,target,2,2210,633
EDN2,target,2,2211,634
EDN3,target,2,2212,635
EDNRA,target,2,2213,636
EDNRB,target,2,2214,637
EED,target,2,2215,638
EEF2,target,2,2216,639
EFNB2,target,2,2217,640
EGF,target,2,2218,641
EGFR,target,2,2219,642
EGLN1,target,2,2220,643
EGLN3,target,2,2221,644
EGR1,target,2,2222,645
EGR2,target,2,2223,646
EHHADH,target,2,2224,647
EHMT1,target,2,2225,648
EHMT2,target,2,2226,649
EIF2AK2,target,2,2227,650
EIF2AK3,target,2,2228,651
EIF2S1,target,2,2229,652
EIF4A1,target,2,2230,653
EIF4B,target,2,2231,654
EIF4E,target,2,2232,655
EIF4EBP1,target,2,2233,656
EIF5B,target,2,2234,657
EIF6,target,2,2235,658
ELANE,target,2,2236,659
ELAVL1,target,2,2237,660
ELAVL3,target,2,2238,661
ELAVL4,target,2,2239,662
ELK1,target,2,2240,663
EMP2,target,2,2241,664
ENDOG,target,2,2242,665
ENG,target,2,2243,666
ENO2,target,2,2244,667
ENOX2,target,2,2245,668
ENPEP,target,2,2246,669
ENPP1,target,2,2247,670
ENPP2,target,2,2248,671
ENPP7,target,2,2249,672
EP300,target,2,2250,673
EPHA1,target,2,2251,674
EPHA2,target,2,2252,675
EPHA3,target,2,2253,676
EPHA4,target,2,2254,677
EPHA5,target,2,2255,678
EPHA6,target,2,2256,679
EPHA8,target,2,2257,680
EPHB1,target,2,2258,681
EPHB4,target,2,2259,682
EPHB6,target,2,2260,683
EPHX1,target,2,2261,684
EPHX2,target,2,2262,685
EPO,target,2,2263,686
EPOR,target,2,2264,687
ERAP1,target,2,2265,688
ERBB2,target,2,2266,689
ERBB3,target,2,2267,690
ERBB4,target,2,2268,691
ERCC1,target,2,2269,692
ERG,target,2,2270,693
ERN1,target,2,2271,694
ERN2,target,2,2272,695
ERRFI1,target,2,2273,696
ESM1,target,2,2274,697
ESR1,target,2,2275,698
ESR2,target,2,2276,699
ESRRA,target,2,2277,700
ESRRB,target,2,2278,701
ESRRG,target,2,2279,702
ETF1,target,2,2280,703
ETS1,target,2,2281,704
EYA3,target,2,2282,705
EZH1,target,2,2283,706
EZH2,target,2,2284,707
EZR,target,2,2285,708
F11R,target,2,2286,709
F12,target,2,2287,710
F13A1,target,2,2288,711
F2,target,2,2289,712
F2R,target,2,2290,713
F2RL1,target,2,2291,714
F3,target,2,2292,715
FAAH,target,2,2293,716
FABP1,target,2,2294,717
FABP2,target,2,2295,718
FABP3,target,2,2296,719
FABP4,target,2,2297,720
FABP5,target,2,2298,721
FABP6,target,2,2299,722
FABP7,target,2,2300,723
FAH,target,2,2301,724
FANCD2,target,2,2302,725
FAS,target,2,2303,726
FASLG,target,2,2304,727
FASN,target,2,2305,728
FBLN1,target,2,2306,729
FBLN2,target,2,2307,730
FBP1,target,2,2308,731
FBXO32,target,2,2309,732
FBXW7,target,2,2310,733
FCAMR,target,2,2311,734
FCER1A,target,2,2312,735
FCER2,target,2,2313,736
FCGR1A,target,2,2314,737
FDPS,target,2,2315,738
FECH,target,2,2316,739
FEN1,target,2,2317,740
FFAR1,target,2,2318,741
FFAR3,target,2,2319,742
FFAR4,target,2,2320,743
FGB,target,2,2321,744
FGF1,target,2,2322,745
FGF10,target,2,2323,746
FGF19,target,2,2324,747
FGF2,target,2,2325,748
FGF21,target,2,2326,749
FGF23,target,2,2327,750
FGF7,target,2,2328,751
FGFR1,target,2,2329,752
FGFR2,target,2,2330,753
FGFR4,target,2,2331,754
FGR,target,2,2332,755
FH,target,2,2333,756
FKBP14,target,2,2334,757
FKBP1A,target,2,2335,758
FKBP4,target,2,2336,759
FKBP5,target,2,2337,760
FLG,target,2,2338,761
FLT1,target,2,2339,762
FLT3,target,2,2340,763
FLT4,target,2,2341,764
FN1,target,2,2342,765
FNDC5,target,2,2343,766
FOLH1,target,2,2344,767
FOLR2,target,2,2345,768
FOS,target,2,2346,769
FOSB,target,2,2347,770
FOSL1,target,2,2348,771
FOSL2,target,2,2349,772
FOXD3,target,2,2350,773
FOXM1,target,2,2351,774
FOXO1,target,2,2352,775
FOXO3,target,2,2353,776
FOXP3,target,2,2354,777
FPR3,target,2,2355,778
FRK,target,2,2356,779
FSCN1,target,2,2357,780
FSHB,target,2,2358,781
FSHR,target,2,2359,782
FTH1,target,2,2360,783
FTO,target,2,2361,784
FUCA1,target,2,2362,785
FUNDC1,target,2,2363,786
FURIN,target,2,2364,787
FUS,target,2,2365,788
FUT4,target,2,2366,789
FUT5,target,2,2367,790
FUT7,target,2,2368,791
FUT9,target,2,2369,792
FXN,target,2,2370,793
FXR1,target,2,2371,794
FXYD2,target,2,2372,795
FYN,target,2,2373,796
FZD1,target,2,2374,797
FZD7,target,2,2375,798
FZD8,target,2,2376,799
G3BP1,target,2,2377,800
G6PC1,target,2,2378,801
G6PD,target,2,2379,802
GAA,target,2,2380,803
GABARAP,target,2,2381,804
GABBR1,target,2,2382,805
GABRA1,target,2,2383,806
GABRA2,target,2,2384,807
GABRA3,target,2,2385,808
GABRA4,target,2,2386,809
GABRA5,target,2,2387,810
GABRB2,target,2,2388,811
GABRB3,target,2,2389,812
GABRG1,target,2,2390,813
GABRG2,target,2,2391,814
GABRR1,target,2,2392,815
GABRR3,target,2,2393,816
GAD1,target,2,2394,817
GAD2,target,2,2395,818
GADD45A,target,2,2396,819
GADD45B,target,2,2397,820
GAK,target,2,2398,821
GALE,target,2,2399,822
GALNT2,target,2,2400,823
GAMT,target,2,2401,824
GANAB,target,2,2402,825
GAP43,target,2,2403,826
GAPDH,target,2,2404,827
GAST,target,2,2405,828
GATA1,target,2,2406,829
GATA2,target,2,2407,830
GATA3,target,2,2408,831
GBA1,target,2,2409,832
GBA2,target,2,2410,833
GBA3,target,2,2411,834
GBF1,target,2,2412,835
GC,target,2,2413,836
GCG,target,2,2414,837
GCK,target,2,2415,838
GCLC,target,2,2416,839
GCM1,target,2,2417,840
GDA,target,2,2418,841
GDE1,target,2,2419,842
GDF15,target,2,2420,843
GDF2,target,2,2421,844
GDNF,target,2,2422,845
GFAP,target,2,2423,846
GFER,target,2,2424,847
GGT1,target,2,2425,848
GGT5,target,2,2426,849
GH1,target,2,2427,850
GHR,target,2,2428,851
GHRL,target,2,2429,852
GHSR,target,2,2430,853
GJA1,target,2,2431,854
GJB1,target,2,2432,855
GJD4,target,2,2433,856
GK,target,2,2434,857
GLA,target,2,2435,858
GLB1,target,2,2436,859
GLI1,target,2,2437,860
GLI2,target,2,2438,861
GLIPR2,target,2,2439,862
GLO1,target,2,2440,863
GLP1R,target,2,2441,864
GLRA1,target,2,2442,865
GLRA2,target,2,2443,866
GLS,target,2,2444,867
GLUD1,target,2,2445,868
GLUL,target,2,2446,869
GMPPB,target,2,2447,870
GNA12,target,2,2448,871
GNAI1,target,2,2449,872
GNB3,target,2,2450,873
GNMT,target,2,2451,874
GNRH1,target,2,2452,875
GNRH2,target,2,2453,876
GNRHR,target,2,2454,877
GOT1,target,2,2455,878
GP6,target,2,2456,879
GPBAR1,target,2,2457,880
GPCPD1,target,2,2458,881
GPD1,target,2,2459,882
GPD2,target,2,2460,883
GPER1,target,2,2461,884
GPI,target,2,2462,885
GPR119,target,2,2463,886
GPR137,target,2,2464,887
GPR18,target,2,2465,888
GPR183,target,2,2466,889
GPR3,target,2,2467,890
GPR35,target,2,2468,891
GPR55,target,2,2469,892
GPR65,target,2,2470,893
GPR84,target,2,2471,894
GPT,target,2,2472,895
GPX1,target,2,2473,896
GPX5,target,2,2474,897
GRIA1,target,2,2475,898
GRIA4,target,2,2476,899
GRIN1,target,2,2477,900
GRIN2A,target,2,2478,901
GRIN2B,target,2,2479,902
GRIN2C,target,2,2480,903
GRIN2D,target,2,2481,904
GRK2,target,2,2482,905
GRK4,target,2,2483,906
GRK5,target,2,2484,907
GRK6,target,2,2485,908
GRM1,target,2,2486,909
GRM5,target,2,2487,910
GSK3B,target,2,2488,911
GSN,target,2,2489,912
GSR,target,2,2490,913
GSS,target,2,2491,914
GSTA1,target,2,2492,915
GSTA2,target,2,2493,916
GSTK1,target,2,2494,917
GSTM1,target,2,2495,918
GSTM2,target,2,2496,919
GSTM5,target,2,2497,920
GSTO1,target,2,2498,921
GSTP1,target,2,2499,922
GUCA2A,target,2,2500,923
GUCY1B1,target,2,2501,924
GUCY2D,target,2,2502,925
GUSB,target,2,2503,926
GYPA,target,2,2504,927
GYPB,target,2,2505,928
GZMB,target,2,2506,929
H1-0,target,2,2507,930
H2AX,target,2,2508,931
H6PD,target,2,2509,932
HADHB,target,2,2510,933
HAMP,target,2,2511,934
HASPIN,target,2,2512,935
HAT1,target,2,2513,936
HAVCR1,target,2,2514,937
HBB,target,2,2515,938
HCAR1,target,2,2516,939
HCAR2,target,2,2517,940
HCAR3,target,2,2518,941
HCK,target,2,2519,942
HCN4,target,2,2520,943
HCRT,target,2,2521,944
HDAC1,target,2,2522,945
HDAC11,target,2,2523,946
HDAC2,target,2,2524,947
HDAC3,target,2,2525,948
HDAC4,target,2,2526,949
HDAC6,target,2,2527,950
HDAC8,target,2,2528,951
HDAC9,target,2,2529,952
HDC,target,2,2530,953
HDGF,target,2,2531,954
HES3,target,2,2532,955
HEXA,target,2,2533,956
HEXB,target,2,2534,957
HFM1,target,2,2535,958
HGF,target,2,2536,959
HIF1A,target,2,2537,960
HIF1AN,target,2,2538,961
HINT1,target,2,2539,962
HIPK4,target,2,2540,963
HK1,target,2,2541,964
HK2,target,2,2542,965
HKDC1,target,2,2543,966
HLA-G,target,2,2544,967
HLF,target,2,2545,968
HMGB1,target,2,2546,969
HMGB3,target,2,2547,970
HMGCR,target,2,2548,971
HMGN1,target,2,2549,972
HMGN3,target,2,2550,973
HMGN5,target,2,2551,974
HMOX1,target,2,2552,975
HNF1A,target,2,2553,976
HNF4A,target,2,2554,977
HNMT,target,2,2555,978
HNRNPA1,target,2,2556,979
HNRNPA2B1,target,2,2557,980
HOXA1,target,2,2558,981
HOXA11,target,2,2559,982
HOXB13,target,2,2560,983
HOXC13,target,2,2561,984
HOXD1,target,2,2562,985
HP,target,2,2563,986
HPCA,target,2,2564,987
HPD,target,2,2565,988
HPGDS,target,2,2566,989
HPRT1,target,2,2567,990
HPSE,target,2,2568,991
HRAS,target,2,2569,992
HRH1,target,2,2570,993
HRH2,target,2,2571,994
HRH3,target,2,2572,995
HRH4,target,2,2573,996
HSD11B1,target,2,2574,997
HSD11B2,target,2,2575,998
HSD17B1,target,2,2576,999
HSD17B2,target,2,2577,1000
HSD17B3,target,2,2578,1001
HSD17B7,target,2,2579,1002
HSD3B1,target,2,2580,1003
HSD3B2,target,2,2581,1004
HSF1,target,2,2582,1005
HSP90AA1,target,2,2583,1006
HSP90AB1,target,2,2584,1007
HSP90B1,target,2,2585,1008
HSP90B2P,target,2,2586,1009
HSPA1A,target,2,2587,1010
HSPA4,target,2,2588,1011
HSPA5,target,2,2589,1012
HSPA8,target,2,2590,1013
HSPB1,target,2,2591,1014
HSPD1,target,2,2592,1015
HTR1A,target,2,2593,1016
HTR1B,target,2,2594,1017
HTR1D,target,2,2595,1018
HTR1E,target,2,2596,1019
HTR1F,target,2,2597,1020
HTR2A,target,2,2598,1021
HTR2B,target,2,2599,1022
HTR2C,target,2,2600,1023
HTR3A,target,2,2601,1024
HTR4,target,2,2602,1025
HTR5A,target,2,2603,1026
HTR6,target,2,2604,1027
HTR7,target,2,2605,1028
HVCN1,target,2,2606,1029
IAPP,target,2,2607,1030
IARS1,target,2,2608,1031
ICAM1,target,2,2609,1032
ICMT,target,2,2610,1033
ID1,target,2,2611,1034
IDE,target,2,2612,1035
IDH1,target,2,2613,1036
IDO1,target,2,2614,1037
IDO2,target,2,2615,1038
IER3,target,2,2616,1039
IER5,target,2,2617,1040
IFI27,target,2,2618,1041
IFIH1,target,2,2619,1042
IFNB1,target,2,2620,1043
IFNG,target,2,2621,1044
IGBP1,target,2,2622,1045
IGF1,target,2,2623,1046
IGF1R,target,2,2624,1047
IGF2,target,2,2625,1048
IGF2BP1,target,2,2626,1049
IGFBP1,target,2,2627,1050
IGFBP2,target,2,2628,1051
IGFBP3,target,2,2629,1052
IGFBP5,target,2,2630,1053
IGHE,target,2,2631,1054
IKBKB,target,2,2632,1055
IKBKG,target,2,2633,1056
IKZF1,target,2,2634,1057
IL10,target,2,2635,1058
IL11,target,2,2636,1059
IL12B,target,2,2637,1060
IL13,target,2,2638,1061
IL13RA2,target,2,2639,1062
IL16,target,2,2640,1063
IL17A,target,2,2641,1064
IL17B,target,2,2642,1065
IL18,target,2,2643,1066
IL1A,target,2,2644,1067
IL1B,target,2,2645,1068
IL2,target,2,2646,1069
IL21,target,2,2647,1070
IL22,target,2,2648,1071
IL2RA,target,2,2649,1072
IL33,target,2,2650,1073
IL4,target,2,2651,1074
IL5,target,2,2652,1075
IL6,target,2,2653,1076
IL6R,target,2,2654,1077
IL7R,target,2,2655,1078
ILK,target,2,2656,1079
IMPA1,target,2,2657,1080
IMPDH1,target,2,2658,1081
IMPDH2,target,2,2659,1082
ING4,target,2,2660,1083
INHA,target,2,2661,1084
INMT,target,2,2662,1085
INPPL1,target,2,2663,1086
INS,target,2,2664,1087
INSR,target,2,2665,1088
IP6K2,target,2,2666,1089
IPMK,target,2,2667,1090
IQGAP2,target,2,2668,1091
IRAK1,target,2,2669,1092
IRAK3,target,2,2670,1093
IRAK4,target,2,2671,1094
IREB2,target,2,2672,1095
IRF1,target,2,2673,1096
IRF3,target,2,2674,1097
IRF9,target,2,2675,1098
IRS1,target,2,2676,1099
ISG20,target,2,2677,1100
ISYNA1,target,2,2678,1101
ITGA2,target,2,2679,1102
ITGA3,target,2,2680,1103
ITGA4,target,2,2681,1104
ITGA5,target,2,2682,1105
ITGAL,target,2,2683,1106
ITGAM,target,2,2684,1107
ITGAV,target,2,2685,1108
ITGB1,target,2,2686,1109
ITGB2,target,2,2687,1110
ITGB3,target,2,2688,1111
ITIH4,target,2,2689,1112
ITK,target,2,2690,1113
ITPR1,target,2,2691,1114
IVL,target,2,2692,1115
JAG1,target,2,2693,1116
JAK1,target,2,2694,1117
JAK2,target,2,2695,1118
JAK3,target,2,2696,1119
JMJD6,target,2,2697,1120
JUN,target,2,2698,1121
JUNB,target,2,2699,1122
JUND,target,2,2700,1123
KAT2A,target,2,2701,1124
KAT2B,target,2,2702,1125
KAT5,target,2,2703,1126
KAT8,target,2,2704,1127
KCNA1,target,2,2705,1128
KCNA2,target,2,2706,1129
KCNA3,target,2,2707,1130
KCNA5,target,2,2708,1131
KCND3,target,2,2709,1132
KCNH1,target,2,2710,1133
KCNH2,target,2,2711,1134
KCNJ11,target,2,2712,1135
KCNJ2,target,2,2713,1136
KCNK10,target,2,2714,1137
KCNK18,target,2,2715,1138
KCNK2,target,2,2716,1139
KCNK3,target,2,2717,1140
KCNK9,target,2,2718,1141
KCNMA1,target,2,2719,1142
KCNMB1,target,2,2720,1143
KCNN2,target,2,2721,1144
KCNN3,target,2,2722,1145
KCNN4,target,2,2723,1146
KCNQ3,target,2,2724,1147
KDM1A,target,2,2725,1148
KDM2A,target,2,2726,1149
KDM3A,target,2,2727,1150
KDM4A,target,2,2728,1151
KDM4B,target,2,2729,1152
KDM4C,target,2,2730,1153
KDM4E,target,2,2731,1154
KDM5A,target,2,2732,1155
KDM5B,target,2,2733,1156
KDM6B,target,2,2734,1157
KDM7A,target,2,2735,1158
KDR,target,2,2736,1159
KEAP1,target,2,2737,1160
KHK,target,2,2738,1161
KIF11,target,2,2739,1162
KIF20A,target,2,2740,1163
KISS1,target,2,2741,1164
KIT,target,2,2742,1165
KITLG,target,2,2743,1166
KL,target,2,2744,1167
KLF1,target,2,2745,1168
KLF11,target,2,2746,1169
KLF15,target,2,2747,1170
KLF2,target,2,2748,1171
KLF4,target,2,2749,1172
KLF5,target,2,2750,1173
KLF7,target,2,2751,1174
KLK10,target,2,2752,1175
KLK3,target,2,2753,1176
KLK4,target,2,2754,1177
KLK5,target,2,2755,1178
KLRB1,target,2,2756,1179
KMT2A,target,2,2757,1180
KMT5C,target,2,2758,1181
KRAS,target,2,2759,1182
KRT1,target,2,2760,1183
KRT10,target,2,2761,1184
KRT14,target,2,2762,1185
KRT20,target,2,2763,1186
KRT5,target,2,2764,1187
KRT6A,target,2,2765,1188
L1CAM,target,2,2766,1189
L3MBTL1,target,2,2767,1190
L3MBTL3,target,2,2768,1191
LALBA,target,2,2769,1192
LAMP1,target,2,2770,1193
LAMP2,target,2,2771,1194
LARS1,target,2,2772,1195
LAT,target,2,2773,1196
LBP,target,2,2774,1197
LCK,target,2,2775,1198
LCN2,target,2,2776,1199
LCT,target,2,2777,1200
LDHA,target,2,2778,1201
LDHB,target,2,2779,1202
LDLR,target,2,2780,1203
LEF1,target,2,2781,1204
LEP,target,2,2782,1205
LEPR,target,2,2783,1206
LGALS3,target,2,2784,1207
LGSN,target,2,2785,1208
LHB,target,2,2786,1209
LIF,target,2,2787,1210
LIMK1,target,2,2788,1211
LIMK2,target,2,2789,1212
LIN28A,target,2,2790,1213
LIN28B,target,2,2791,1214
LIPE,target,2,2792,1215
LIPG,target,2,2793,1216
LMNB1,target,2,2794,1217
LMTK3,target,2,2795,1218
LORICRIN,target,2,2796,1219
LOX,target,2,2797,1220
LOXL2,target,2,2798,1221
LOXL3,target,2,2799,1222
LOXL4,target,2,2800,1223
LPIN1,target,2,2801,1224
LPL,target,2,2802,1225
LPO,target,2,2803,1226
LRIG1,target,2,2804,1227
LRP1,target,2,2805,1228
LRP5,target,2,2806,1229
LRP6,target,2,2807,1230
LRRK2,target,2,2808,1231
LTA4H,target,2,2809,1232
LTB4R,target,2,2810,1233
LTC4S,target,2,2811,1234
LTK,target,2,2812,1235
LY96,target,2,2813,1236
LYN,target,2,2814,1237
LYVE1,target,2,2815,1238
LYZ,target,2,2816,1239
MADCAM1,target,2,2817,1240
MADD,target,2,2818,1241
MAFA,target,2,2819,1242
MAFG,target,2,2820,1243
MAGEC3,target,2,2821,1244
MAOA,target,2,2822,1245
MAOB,target,2,2823,1246
MAP1B,target,2,2824,1247
MAP1LC3A,target,2,2825,1248
MAP1LC3B,target,2,2826,1249
MAP2,target,2,2827,1250
MAP2K1,target,2,2828,1251
MAP2K2,target,2,2829,1252
MAP2K4,target,2,2830,1253
MAP2K5,target,2,2831,1254
MAP2K6,target,2,2832,1255
MAP2K7,target,2,2833,1256
MAP3K1,target,2,2834,1257
MAP3K11,target,2,2835,1258
MAP3K19,target,2,2836,1259
MAP3K2,target,2,2837,1260
MAP3K20,target,2,2838,1261
MAP3K3,target,2,2839,1262
MAP3K5,target,2,2840,1263
MAP3K8,target,2,2841,1264
MAP4K4,target,2,2842,1265
MAP4K5,target,2,2843,1266
MAPK1,target,2,2844,1267
MAPK10,target,2,2845,1268
MAPK11,target,2,2846,1269
MAPK14,target,2,2847,1270
MAPK15,target,2,2848,1271
MAPK3,target,2,2849,1272
MAPK4,target,2,2850,1273
MAPK6,target,2,2851,1274
MAPK7,target,2,2852,1275
MAPK8,target,2,2853,1276
MAPK9,target,2,2854,1277
MAPKAP1,target,2,2855,1278
MAPKAPK2,target,2,2856,1279
MAPKAPK5,target,2,2857,1280
MAPT,target,2,2858,1281
MARCKS,target,2,2859,1282
MARK4,target,2,2860,1283
MAT1A,target,2,2861,1284
MAT2A,target,2,2862,1285
MAT2B,target,2,2863,1286
MB,target,2,2864,1287
MBD2,target,2,2865,1288
MBNL1,target,2,2866,1289
MBP,target,2,2867,1290
MBTD1,target,2,2868,1291
MBTPS1,target,2,2869,1292
MC1R,target,2,2870,1293
MC3R,target,2,2871,1294
MC4R,target,2,2872,1295
MC5R,target,2,2873,1296
MCIDAS,target,2,2874,1297
MCL1,target,2,2875,1298
MCM2,target,2,2876,1299
MCM3,target,2,2877,1300
MCM4,target,2,2878,1301
MCM5,target,2,2879,1302
MCM6,target,2,2880,1303
MCM7,target,2,2881,1304
MCU,target,2,2882,1305
MDC1,target,2,2883,1306
MDH2,target,2,2884,1307
MDK,target,2,2885,1308
MDM2,target,2,2886,1309
MDM4,target,2,2887,1310
ME1,target,2,2888,1311
MECP2,target,2,2889,1312
MEF2A,target,2,2890,1313
MEF2D,target,2,2891,1314
MELK,target,2,2892,1315
MEN1,target,2,2893,1316
MERTK,target,2,2894,1317
MET,target,2,2895,1318
METTL3,target,2,2896,1319
MFN2,target,2,2897,1320
MGAM,target,2,2898,1321
MGAT1,target,2,2899,1322
MGLL,target,2,2900,1323
MGMT,target,2,2901,1324
MGP,target,2,2902,1325
MGST1,target,2,2903,1326
MICAL1,target,2,2904,1327
MIF,target,2,2905,1328
MINK1,target,2,2906,1329
MIOX,target,2,2907,1330
MIP,target,2,2908,1331
MITF,target,2,2909,1332
MKI67,target,2,2910,1333
MKNK1,target,2,2911,1334
MKNK2,target,2,2912,1335
MLC1,target,2,2913,1336
MLNR,target,2,2914,1337
MLXIPL,target,2,2915,1338
MME,target,2,2916,1339
MMP1,target,2,2917,1340
MMP10,target,2,2918,1341
MMP11,target,2,2919,1342
MMP12,target,2,2920,1343
MMP13,target,2,2921,1344
MMP14,target,2,2922,1345
MMP2,target,2,2923,1346
MMP3,target,2,2924,1347
MMP7,target,2,2925,1348
MMP8,target,2,2926,1349
MMP9,target,2,2927,1350
MPDZ,target,2,2928,1351
MPEG1,target,2,2929,1352
MPG,target,2,2930,1353
MPI,target,2,2931,1354
MPL,target,2,2932,1355
MPO,target,2,2933,1356
MPP1,target,2,2934,1357
MPST,target,2,2935,1358
MPZ,target,2,2936,1359
MRC1,target,2,2937,1360
MRGPRX2,target,2,2938,1361
MRGPRX3,target,2,2939,1362
MSH2,target,2,2940,1363
MSH6,target,2,2941,1364
MSI1,target,2,2942,1365
MSR1,target,2,2943,1366
MST1,target,2,2944,1367
MSTN,target,2,2945,1368
MSX2,target,2,2946,1369
MT-CO2,target,2,2947,1370
MT-ND1,target,2,2948,1371
MT-ND2,target,2,2949,1372
MT-ND4,target,2,2950,1373
MT-ND6,target,2,2951,1374
MT1A,target,2,2952,1375
MT2A,target,2,2953,1376
MT3,target,2,2954,1377
MTA1,target,2,2955,1378
MTDH,target,2,2956,1379
MTNR1A,target,2,2957,1380
MTNR1B,target,2,2958,1381
MTOR,target,2,2959,1382
MTR,target,2,2960,1383
MTTP,target,2,2961,1384
MUC1,target,2,2962,1385
MUC2,target,2,2963,1386
MUC4,target,2,2964,1387
MUC5AC,target,2,2965,1388
MUSK,target,2,2966,1389
MVP,target,2,2967,1390
MYB,target,2,2968,1391
MYC,target,2,2969,1392
MYD88,target,2,2970,1393
MYH11,target,2,2971,1394
MYH2,target,2,2972,1395
MYH7,target,2,2973,1396
MYL9,target,2,2974,1397
MYLIP,target,2,2975,1398
MYLK,target,2,2976,1399
MYLK2,target,2,2977,1400
MYLK3,target,2,2978,1401
MYOC,target,2,2979,1402
MYOD1,target,2,2980,1403
NAAA,target,2,2981,1404
NADK,target,2,2982,1405
NAE1,target,2,2983,1406
NAMPT,target,2,2984,1407
NANOG,target,2,2985,1408
NAPEPLD,target,2,2986,1409
NAPRT,target,2,2987,1410
NAT1,target,2,2988,1411
NCCRP1,target,2,2989,1412
NCF1,target,2,2990,1413
NCF2,target,2,2991,1414
NCOA1,target,2,2992,1415
NCOR1,target,2,2993,1416
NDRG2,target,2,2994,1417
NDUFV2,target,2,2995,1418
NEDD4L,target,2,2996,1419
NEIL2,target,2,2997,1420
NEK11,target,2,2998,1421
NEK2,target,2,2999,1422
NEK6,target,2,3000,1423
NEK7,target,2,3001,1424
NES,target,2,3002,1425
NEU1,target,2,3003,1426
NEU2,target,2,3004,1427
NEUROG2,target,2,3005,1428
NF2,target,2,3006,1429
NFATC1,target,2,3007,1430
NFATC4,target,2,3008,1431
NFE2L2,target,2,3009,1432
NFKB1,target,2,3010,1433
NFKBIA,target,2,3011,1434
NGB,target,2,3012,1435
NGF,target,2,3013,1436
NGFR,target,2,3014,1437
NISCH,target,2,3015,1438
NKX2-5,target,2,3016,1439
NKX3-1,target,2,3017,1440
NLK,target,2,3018,1441
NLRC4,target,2,3019,1442
NLRP3,target,2,3020,1443
NME1,target,2,3021,1444
NME4,target,2,3022,1445
NMUR2,target,2,3023,1446
NNMT,target,2,3024,1447
NOD1,target,2,3025,1448
NOD2,target,2,3026,1449
NOS1,target,2,3027,1450
NOS2,target,2,3028,1451
NOS3,target,2,3029,1452
NOTCH1,target,2,3030,1453
NOTCH2,target,2,3031,1454
NOTUM,target,2,3032,1455
NOX1,target,2,3033,1456
NOX3,target,2,3034,1457
NOX4,target,2,3035,1458
NOX5,target,2,3036,1459
NPC1,target,2,3037,1460
NPC1L1,target,2,3038,1461
NPEPPS,target,2,3039,1462
NPHS1,target,2,3040,1463
NPHS2,target,2,3041,1464
NPM1,target,2,3042,1465
NPPA,target,2,3043,1466
NPPB,target,2,3044,1467
NPPC,target,2,3045,1468
NPR2,target,2,3046,1469
NPR3,target,2,3047,1470
NPS,target,2,3048,1471
NPSR1,target,2,3049,1472
NPVF,target,2,3050,1473
NPY,target,2,3051,1474
NPY1R,target,2,3052,1475
NQO1,target,2,3053,1476
NQO2,target,2,3054,1477
NR0B1,target,2,3055,1478
NR0B2,target,2,3056,1479
NR1H2,target,2,3057,1480
NR1H3,target,2,3058,1481
NR1H4,target,2,3059,1482
NR1I2,target,2,3060,1483
NR1I3,target,2,3061,1484
NR2C2,target,2,3062,1485
NR2E1,target,2,3063,1486
NR2F2,target,2,3064,1487
NR3C1,target,2,3065,1488
NR3C2,target,2,3066,1489
NR4A1,target,2,3067,1490
NR4A2,target,2,3068,1491
NR5A1,target,2,3069,1492
NR5A2,target,2,3070,1493
NRF1,target,2,3071,1494
NRG1,target,2,3072,1495
NRG3,target,2,3073,1496
NRP1,target,2,3074,1497
NSD1,target,2,3075,1498
NSD2,target,2,3076,1499
NSFL1C,target,2,3077,1500
NT5E,target,2,3078,1501
NTF3,target,2,3079,1502
NTN1,target,2,3080,1503
NTRK1,target,2,3081,1504
NTRK2,target,2,3082,1505
NTSR1,target,2,3083,1506
NUAK1,target,2,3084,1507
NUAK2,target,2,3085,1508
NUCB2,target,2,3086,1509
NUCLEOLIN,target,2,3087,1510
NUDT1,target,2,3088,1511
NUP62,target,2,3089,1512
NUS1,target,2,3090,1513
OAS3,target,2,3091,1514
OCLN,target,2,3092,1515
ODC1,target,2,3093,1516
OGG1,target,2,3094,1517
OLIG2,target,2,3095,1518
OLR1,target,2,3096,1519
OPCML,target,2,3097,1520
OPN3,target,2,3098,1521
OPN4,target,2,3099,1522
OPRD1,target,2,3100,1523
OPRK1,target,2,3101,1524
OPRM1,target,2,3102,1525
OR51E1,target,2,3103,1526
OR51E2,target,2,3104,1527
ORAI1,target,2,3105,1528
OSBP,target,2,3106,1529
OSBP2,target,2,3107,1530
OSR2,target,2,3108,1531
OTX2,target,2,3109,1532
OXER1,target,2,3110,1533
OXT,target,2,3111,1534
OXTR,target,2,3112,1535
P2RX1,target,2,3113,1536
P2RX2,target,2,3114,1537
P2RX3,target,2,3115,1538
P2RX4,target,2,3116,1539
P2RX7,target,2,3117,1540
P2RY1,target,2,3118,1541
P2RY12,target,2,3119,1542
P2RY14,target,2,3120,1543
P2RY2,target,2,3121,1544
P2RY4,target,2,3122,1545
P2RY6,target,2,3123,1546
P4HA2,target,2,3124,1547
P4HB,target,2,3125,1548
PAEP,target,2,3126,1549
PAK1,target,2,3127,1550
PAK4,target,2,3128,1551
PAM,target,2,3129,1552
PARG,target,2,3130,1553
PARK7,target,2,3131,1554
PARP1,target,2,3132,1555
PARP2,target,2,3133,1556
PAWR,target,2,3134,1557
PAX6,target,2,3135,1558
PAX8,target,2,3136,1559
PBK,target,2,3137,1560
PBRM1,target,2,3138,1561
PCGF1,target,2,3139,1562
PCK1,target,2,3140,1563
PCK2,target,2,3141,1564
PCLAF,target,2,3142,1565
PCMT1,target,2,3143,1566
PCNA,target,2,3144,1567
PCSK1,target,2,3145,1568
PCSK2,target,2,3146,1569
PCSK7,target,2,3147,1570
PCSK9,target,2,3148,1571
PDCD1LG2,target,2,3149,1572
PDCD4,target,2,3150,1573
PDE10A,target,2,3151,1574
PDE1A,target,2,3152,1575
PDE2A,target,2,3153,1576
PDE3A,target,2,3154,1577
PDE3B,target,2,3155,1578
PDE4A,target,2,3156,1579
PDE4B,target,2,3157,1580
PDE4D,target,2,3158,1581
PDE5A,target,2,3159,1582
PDE9A,target,2,3160,1583
PDGFB,target,2,3161,1584
PDGFRB,target,2,3162,1585
PDIA3,target,2,3163,1586
PDIA4,target,2,3164,1587
PDK1,target,2,3165,1588
PDK4,target,2,3166,1589
PDLIM1,target,2,3167,1590
PDPK1,target,2,3168,1591
PDX1,target,2,3169,1592
PDYN,target,2,3170,1593
PEA15,target,2,3171,1594
PECAM1,target,2,3172,1595
PEG10,target,2,3173,1596
PEMT,target,2,3174,1597
PENK,target,2,3175,1598
PER1,target,2,3176,1599
PFKFB3,target,2,3177,1600
PFKM,target,2,3178,1601
PFN1,target,2,3179,1602
PGAM1,target,2,3180,1603
PGD,target,2,3181,1604
PGF,target,2,3182,1605
PGP,target,2,3183,1606
PGR,target,2,3184,1607
PGRMC1,target,2,3185,1608
PHB1,target,2,3186,1609
PHF8,target,2,3187,1610
PHKG1,target,2,3188,1611
PHKG2,target,2,3189,1612
PHLPP2,target,2,3190,1613
PHPT1,target,2,3191,1614
PIAS3,target,2,3192,1615
PIGK,target,2,3193,1616
PIK3CA,target,2,3194,1617
PIK3CB,target,2,3195,1618
PIK3CD,target,2,3196,1619
PIK3CG,target,2,3197,1620
PIK3R1,target,2,3198,1621
PIM1,target,2,3199,1622
PIM2,target,2,3200,1623
PIM3,target,2,3201,1624
PIN1,target,2,3202,1625
PINK1,target,2,3203,1626
PIP4K2C,target,2,3204,1627
PKD2,target,2,3205,1628
PKLR,target,2,3206,1629
PKM,target,2,3207,1630
PKMYT1,target,2,3208,1631
PKN1,target,2,3209,1632
PLA2G1B,target,2,3210,1633
PLA2G2A,target,2,3211,1634
PLA2G4A,target,2,3212,1635
PLA2G7,target,2,3213,1636
PLAGL1,target,2,3214,1637
PLAT,target,2,3215,1638
PLAU,target,2,3216,1639
PLAUR,target,2,3217,1640
PLCG1,target,2,3218,1641
PLD1,target,2,3219,1642
PLEC,target,2,3220,1643
PLEK,target,2,3221,1644
PLG,target,2,3222,1645
PLIN1,target,2,3223,1646
PLK1,target,2,3224,1647
PLK3,target,2,3225,1648
PLK4,target,2,3226,1649
PLP1,target,2,3227,1650
PLSCR1,target,2,3228,1651
PLXNA2,target,2,3229,1652
PMAIP1,target,2,3230,1653
PML,target,2,3231,1654
PMM2,target,2,3232,1655
PMP22,target,2,3233,1656
PNLIP,target,2,3234,1657
PNMT,target,2,3235,1658
PNO1,target,2,3236,1659
PNP,target,2,3237,1660
PNPLA2,target,2,3238,1661
PNPO,target,2,3239,1662
PODXL,target,2,3240,1663
POLA1,target,2,3241,1664
POLB,target,2,3242,1665
POLG,target,2,3243,1666
POLH,target,2,3244,1667
POLI,target,2,3245,1668
POLL,target,2,3246,1669
POMC,target,2,3247,1670
POMK,target,2,3248,1671
PON1,target,2,3249,1672
PON3,target,2,3250,1673
POR,target,2,3251,1674
POU2F1,target,2,3252,1675
POU5F1,target,2,3253,1676
PPARA,target,2,3254,1677
PPARD,target,2,3255,1678
PPARG,target,2,3256,1679
PPARGC1A,target,2,3257,1680
PPID,target,2,3258,1681
PPIP5K1,target,2,3259,1682
PPM1A,target,2,3260,1683
PPP1R12A,target,2,3261,1684
PPP1R1B,target,2,3262,1685
PPP3CA,target,2,3263,1686
PPP5C,target,2,3264,1687
PRC1,target,2,3265,1688
PRDM13,target,2,3266,1689
PRDM2,target,2,3267,1690
PRDX1,target,2,3268,1691
PRDX2,target,2,3269,1692
PRDX5,target,2,3270,1693
PRDX6,target,2,3271,1694
PREP,target,2,3272,1695
PRF1,target,2,3273,1696
PRKAA1,target,2,3274,1697
PRKAA2,target,2,3275,1698
PRKACA,target,2,3276,1699
PRKAG2,target,2,3277,1700
PRKAR1A,target,2,3278,1701
PRKCA,target,2,3279,1702
PRKCB,target,2,3280,1703
PRKCD,target,2,3281,1704
PRKCE,target,2,3282,1705
PRKCG,target,2,3283,1706
PRKCH,target,2,3284,1707
PRKCI,target,2,3285,1708
PRKCQ,target,2,3286,1709
PRKCZ,target,2,3287,1710
PRKD1,target,2,3288,1711
PRKD2,target,2,3289,1712
PRKD3,target,2,3290,1713
PRKDC,target,2,3291,1714
PRKG1,target,2,3292,1715
PRL,target,2,3293,1716
PRMT1,target,2,3294,1717
PRMT3,target,2,3295,1718
PRMT5,target,2,3296,1719
PRMT6,target,2,3297,1720
PRMT7,target,2,3298,1721
PRMT8,target,2,3299,1722
PRNP,target,2,3300,1723
PROCR,target,2,3301,1724
PROM1,target,2,3302,1725
PRRT2,target,2,3303,1726
PRSS1,target,2,3304,1727
PRSS50,target,2,3305,1728
PRSS8,target,2,3306,1729
PSEN1,target,2,3307,1730
PSG1,target,2,3308,1731
PSIP1,target,2,3309,1732
PSMB1,target,2,3310,1733
PSMB2,target,2,3311,1734
PSMB5,target,2,3312,1735
PSMD14,target,2,3313,1736
PSME1,target,2,3314,1737
PTAFR,target,2,3315,1738
PTCH1,target,2,3316,1739
PTEN,target,2,3317,1740
PTGDS,target,2,3318,1741
PTGER2,target,2,3319,1742
PTGER4,target,2,3320,1743
PTGES,target,2,3321,1744
PTGES2,target,2,3322,1745
PTGES3,target,2,3323,1746
PTGFR,target,2,3324,1747
PTGIR,target,2,3325,1748
PTGR1,target,2,3326,1749
PTGS1,target,2,3327,1750
PTGS2,target,2,3328,1751
PTH,target,2,3329,1752
PTHLH,target,2,3330,1753
PTK2,target,2,3331,1754
PTK2B,target,2,3332,1755
PTK6,target,2,3333,1756
PTN,target,2,3334,1757
PTP4A1,target,2,3335,1758
PTP4A3,target,2,3336,1759
PTPA,target,2,3337,1760
PTPN1,target,2,3338,1761
PTPN11,target,2,3339,1762
PTPN13,target,2,3340,1763
PTPN2,target,2,3341,1764
PTPN22,target,2,3342,1765
PTPN6,target,2,3343,1766
PTPN7,target,2,3344,1767
PTPN9,target,2,3345,1768
PTPRC,target,2,3346,1769
PTPRCAP,target,2,3347,1770
PTPRF,target,2,3348,1771
PTPRH,target,2,3349,1772
PTPRS,target,2,3350,1773
PTTG1,target,2,3351,1774
PTX3,target,2,3352,1775
PVALB,target,2,3353,1776
PYGL,target,2,3354,1777
PYGM,target,2,3355,1778
QPCT,target,2,3356,1779
QPCTL,target,2,3357,1780
RAB7A,target,2,3358,1781
RAB9A,target,2,3359,1782
RAC1,target,2,3360,1783
RACK1,target,2,3361,1784
RAD51,target,2,3362,1785
RAD52,target,2,3363,1786
RAF1,target,2,3364,1787
RALA,target,2,3365,1788
RAP1B,target,2,3366,1789
RAPGEF3,target,2,3367,1790
RAPGEF4,target,2,3368,1791
RARA,target,2,3369,1792
RARB,target,2,3370,1793
RARG,target,2,3371,1794
RARRES2,target,2,3372,1795
RASAL2,target,2,3373,1796
RASGRF1,target,2,3374,1797
RASGRP3,target,2,3375,1798
RASSF1,target,2,3376,1799
RB1,target,2,3377,1800
RBP1,target,2,3378,1801
RBP2,target,2,3379,1802
RBP4,target,2,3380,1803
RCAN2,target,2,3381,1804
RECK,target,2,3382,1805
REG1A,target,2,3383,1806
REG3A,target,2,3384,1807
RELA,target,2,3385,1808
REN,target,2,3386,1809
REST,target,2,3387,1810
RET,target,2,3388,1811
RETN,target,2,3389,1812
RFX5,target,2,3390,1813
RGN,target,2,3391,1814
RGS17,target,2,3392,1815
RHEB,target,2,3393,1816
RHO,target,2,3394,1817
RHOA,target,2,3395,1818
RHOB,target,2,3396,1819
RHOC,target,2,3397,1820
RIPK2,target,2,3398,1821
RIPK3,target,2,3399,1822
RIT1,target,2,3400,1823
RNASE3,target,2,3401,1824
RNASEL,target,2,3402,1825
RNF8,target,2,3403,1826
ROCK1,target,2,3404,1827
ROCK2,target,2,3405,1828
RORA,target,2,3406,1829
RORB,target,2,3407,1830
RORC,target,2,3408,1831
ROS1,target,2,3409,1832
RPA1,target,2,3410,1833
RPS6KA1,target,2,3411,1834
RPS6KA2,target,2,3412,1835
RPS6KA3,target,2,3413,1836
RPS6KA4,target,2,3414,1837
RPS6KB1,target,2,3415,1838
RPS9,target,2,3416,1839
RPSA,target,2,3417,1840
RPTOR,target,2,3418,1841
RSAD2,target,2,3419,1842
RTL10,target,2,3420,1843
RTN4,target,2,3421,1844
RUNX2,target,2,3422,1845
RXRA,target,2,3423,1846
RXRB,target,2,3424,1847
RXRG,target,2,3425,1848
RYR1,target,2,3426,1849
RYR2,target,2,3427,1850
S100A1,target,2,3428,1851
S100A10,target,2,3429,1852
S100A8,target,2,3430,1853
S100A9,target,2,3431,1854
S100B,target,2,3432,1855
S100G,target,2,3433,1856
S1PR1,target,2,3434,1857
SAE1,target,2,3435,1858
SALL3,target,2,3436,1859
SAMHD1,target,2,3437,1860
SARM1,target,2,3438,1861
SBK1,target,2,3439,1862
SCAP,target,2,3440,1863
SCARB1,target,2,3441,1864
SCD,target,2,3442,1865
SCN11A,target,2,3443,1866
SCN1A,target,2,3444,1867
SCN2A,target,2,3445,1868
SCN3A,target,2,3446,1869
SCN4A,target,2,3447,1870
SCN5A,target,2,3448,1871
SCN7A,target,2,3449,1872
SCN8A,target,2,3450,1873
SCN9A,target,2,3451,1874
SCNN1A,target,2,3452,1875
SCNN1G,target,2,3453,1876
SCP2,target,2,3454,1877
SDC3,target,2,3455,1878
SDHB,target,2,3456,1879
SELE,target,2,3457,1880
SELENOK,target,2,3458,1881
SELENOS,target,2,3459,1882
SELENOW,target,2,3460,1883
SELL,target,2,3461,1884
SELP,target,2,3462,1885
SEMA3A,target,2,3463,1886
SENP1,target,2,3464,1887
SERPINA1,target,2,3465,1888
SERPINA6,target,2,3466,1889
SERPINB3,target,2,3467,1890
SERPINC1,target,2,3468,1891
SERPINE1,target,2,3469,1892
SERPINF1,target,2,3470,1893
SERPINF2,target,2,3471,1894
SERPINH1,target,2,3472,1895
SERPINI1,target,2,3473,1896
SERTAD1,target,2,3474,1897
SETD7,target,2,3475,1898
SETDB1,target,2,3476,1899
SFN,target,2,3477,1900
SFRP1,target,2,3478,1901
SFRP2,target,2,3479,1902
SFTPA1,target,2,3480,1903
SFTPB,target,2,3481,1904
SGCB,target,2,3482,1905
SGK1,target,2,3483,1906
SGK2,target,2,3484,1907
SGMS2,target,2,3485,1908
SH3GL1,target,2,3486,1909
SH3GL2,target,2,3487,1910
SHBG,target,2,3488,1911
SHC1,target,2,3489,1912
SHH,target,2,3490,1913
SHMT2,target,2,3491,1914
SI,target,2,3492,1915
SIAH1,target,2,3493,1916
SIAH2,target,2,3494,1917
SIGMAR1,target,2,3495,1918
SIK2,target,2,3496,1919
SIRT1,target,2,3497,1920
SIRT2,target,2,3498,1921
SIRT3,target,2,3499,1922
SIRT4,target,2,3500,1923
SIRT5,target,2,3501,1924
SIRT6,target,2,3502,1925
SIX6,target,2,3503,1926
SKI,target,2,3504,1927
SKIL,target,2,3505,1928
SKP2,target,2,3506,1929
SLC10A1,target,2,3507,1930
SLC10A2,target,2,3508,1931
SLC12A2,target,2,3509,1932
SLC12A3,target,2,3510,1933
SLC12A5,target,2,3511,1934
SLC15A1,target,2,3512,1935
SLC15A2,target,2,3513,1936
SLC16A1,target,2,3514,1937
SLC16A2,target,2,3515,1938
SLC16A3,target,2,3516,1939
SLC16A7,target,2,3517,1940
SLC17A5,target,2,3518,1941
SLC17A7,target,2,3519,1942
SLC18A2,target,2,3520,1943
SLC19A2,target,2,3521,1944
SLC19A3,target,2,3522,1945
SLC1A1,target,2,3523,1946
SLC1A2,target,2,3524,1947
SLC1A3,target,2,3525,1948
SLC1A6,target,2,3526,1949
SLC20A2,target,2,3527,1950
SLC22A1,target,2,3528,1951
SLC22A12,target,2,3529,1952
SLC22A2,target,2,3530,1953
SLC22A3,target,2,3531,1954
SLC22A4,target,2,3532,1955
SLC22A6,target,2,3533,1956
SLC22A7,target,2,3534,1957
SLC22A8,target,2,3535,1958
SLC23A1,target,2,3536,1959
SLC23A2,target,2,3537,1960
SLC25A21,target,2,3538,1961
SLC25A5,target,2,3539,1962
SLC26A3,target,2,3540,1963
SLC26A4,target,2,3541,1964
SLC26A6,target,2,3542,1965
SLC28A1,target,2,3543,1966
SLC28A2,target,2,3544,1967
SLC28A3,target,2,3545,1968
SLC29A1,target,2,3546,1969
SLC2A1,target,2,3547,1970
SLC2A2,target,2,3548,1971
SLC2A3,target,2,3549,1972
SLC2A4,target,2,3550,1973
SLC2A9,target,2,3551,1974
SLC32A1,target,2,3552,1975
SLC36A1,target,2,3553,1976
SLC47A1,target,2,3554,1977
SLC47A2,target,2,3555,1978
SLC4A4,target,2,3556,1979
SLC52A1,target,2,3557,1980
SLC5A1,target,2,3558,1981
SLC5A2,target,2,3559,1982
SLC5A4,target,2,3560,1983
SLC5A5,target,2,3561,1984
SLC5A6,target,2,3562,1985
SLC5A7,target,2,3563,1986
SLC60A2,target,2,3564,1987
SLC6A1,target,2,3565,1988
SLC6A11,target,2,3566,1989
SLC6A12,target,2,3567,1990
SLC6A13,target,2,3568,1991
SLC6A15,target,2,3569,1992
SLC6A2,target,2,3570,1993
SLC6A3,target,2,3571,1994
SLC6A4,target,2,3572,1995
SLC6A6,target,2,3573,1996
SLC7A11,target,2,3574,1997
SLC7A5,target,2,3575,1998
SLC9A1,target,2,3576,1999
SLC9A2,target,2,3577,2000
SLC9A3,target,2,3578,2001
SLC9A8,target,2,3579,2002
SLC9B2,target,2,3580,2003
SLC9C1,target,2,3581,2004
SLCO1A2,target,2,3582,2005
SLCO1B1,target,2,3583,2006
SLCO1B3,target,2,3584,2007
SLCO2A1,target,2,3585,2008
SLCO2B1,target,2,3586,2009
SLCO4C1,target,2,3587,2010
SLK,target,2,3588,2011
SLPI,target,2,3589,2012
SMAD1,target,2,3590,2013
SMAD2,target,2,3591,2014
SMAD3,target,2,3592,2015
SMAD4,target,2,3593,2016
SMAD5,target,2,3594,2017
SMAD6,target,2,3595,2018
SMAD7,target,2,3596,2019
SMO,target,2,3597,2020
SMOX,target,2,3598,2021
SMPD1,target,2,3599,2022
SMPD2,target,2,3600,2023
SMYD2,target,2,3601,2024
SMYD3,target,2,3602,2025
SNAI1,target,2,3603,2026
SNAI2,target,2,3604,2027
SNCA,target,2,3605,2028
SNCAIP,target,2,3606,2029
SNX8,target,2,3607,2030
SOAT1,target,2,3608,2031
SOAT2,target,2,3609,2032
SOCS1,target,2,3610,2033
SOCS3,target,2,3611,2034
SOD1,target,2,3612,2035
SOD2,target,2,3613,2036
SOD3,target,2,3614,2037
SORD,target,2,3615,2038
SOST,target,2,3616,2039
SOX2,target,2,3617,2040
SP1,target,2,3618,2041
SP3,target,2,3619,2042
SP6,target,2,3620,2043
SPAG5,target,2,3621,2044
SPARC,target,2,3622,2045
SPHK1,target,2,3623,2046
SPHK2,target,2,3624,2047
SPI1,target,2,3625,2048
SPP1,target,2,3626,2049
SPRY1,target,2,3627,2050
SPTLC2,target,2,3628,2051
SPTSSB,target,2,3629,2052
SRC,target,2,3630,2053
SRD5A1,target,2,3631,2054
SRD5A2,target,2,3632,2055
SREBF1,target,2,3633,2056
SREBF2,target,2,3634,2057
SRR,target,2,3635,2058
SRSF3,target,2,3636,2059
SSTR1,target,2,3637,2060
SSTR2,target,2,3638,2061
SSTR3,target,2,3639,2062
SSTR4,target,2,3640,2063
SSTR5,target,2,3641,2064
ST3GAL1,target,2,3642,2065
ST6GAL2,target,2,3643,2066
ST8SIA2,target,2,3644,2067
STAR,target,2,3645,2068
STARD3,target,2,3646,2069
STARD5,target,2,3647,2070
STARD6,target,2,3648,2071
STAT1,target,2,3649,2072
STAT3,target,2,3650,2073
STAT4,target,2,3651,2074
STAT5A,target,2,3652,2075
STAT5B,target,2,3653,2076
STIM1,target,2,3654,2077
STING1,target,2,3655,2078
STK10,target,2,3656,2079
STK11,target,2,3657,2080
STK17A,target,2,3658,2081
STK17B,target,2,3659,2082
STK36,target,2,3660,2083
STS,target,2,3661,2084
STXBP1,target,2,3662,2085
SUCNR1,target,2,3663,2086
SULT1A1,target,2,3664,2087
SULT1C2,target,2,3665,2088
SULT1E1,target,2,3666,2089
SULT2A1,target,2,3667,2090
SUV39H1,target,2,3668,2091
SUV39H2,target,2,3669,2092
SYK,target,2,3670,2093
SYN1,target,2,3671,2094
SYN2,target,2,3672,2095
SYNJ1,target,2,3673,2096
SYNJ2,target,2,3674,2097
SYP,target,2,3675,2098
TAAR1,target,2,3676,2099
TAAR5,target,2,3677,2100
TAC1,target,2,3678,2101
TACR1,target,2,3679,2102
TACR2,target,2,3680,2103
TACR3,target,2,3681,2104
TACSTD2,target,2,3682,2105
TARDBP,target,2,3683,2106
TAS2R10,target,2,3684,2107
TAS2R14,target,2,3685,2108
TAS2R31,target,2,3686,2109
TAS2R39,target,2,3687,2110
TAS2R46,target,2,3688,2111
TAS2R5,target,2,3689,2112
TAT,target,2,3690,2113
TBK1,target,2,3691,2114
TBXA2R,target,2,3692,2115
TBXAS1,target,2,3693,2116
TCF21,target,2,3694,2117
TCF4,target,2,3695,2118
TCF7L2,target,2,3696,2119
TCIRG1,target,2,3697,2120
TDO2,target,2,3698,2121
TDP1,target,2,3699,2122
TEK,target,2,3700,2123
TEP1,target,2,3701,2124
TERT,target,2,3702,2125
TET1,target,2,3703,2126
TET2,target,2,3704,2127
TF,target,2,3705,2128
TFAM,target,2,3706,2129
TFAP2A,target,2,3707,2130
TFEB,target,2,3708,2131
TFF1,target,2,3709,2132
TFRC,target,2,3710,2133
TG,target,2,3711,2134
TGFA,target,2,3712,2135
TGFB1,target,2,3713,2136
TGFB2,target,2,3714,2137
TGFB3,target,2,3715,2138
TGFBR1,target,2,3716,2139
TGFBR2,target,2,3717,2140
TGM1,target,2,3718,2141
TGM2,target,2,3719,2142
TH,target,2,3720,2143
THBD,target,2,3721,2144
THBS1,target,2,3722,2145
THBS4,target,2,3723,2146
THEM4,target,2,3724,2147
THRA,target,2,3725,2148
THRB,target,2,3726,2149
TICAM2,target,2,3727,2150
TIGAR,target,2,3728,2151
TIMP1,target,2,3729,2152
TIMP2,target,2,3730,2153
TIMP3,target,2,3731,2154
TIMP4,target,2,3732,2155
TIPARP,target,2,3733,2156
TJP1,target,2,3734,2157
TKT,target,2,3735,2158
TLR2,target,2,3736,2159
TLR3,target,2,3737,2160
TLR4,target,2,3738,2161
TLR5,target,2,3739,2162
TLR7,target,2,3740,2163
TLR8,target,2,3741,2164
TLR9,target,2,3742,2165
TMED2,target,2,3743,2166
TMEM97,target,2,3744,2167
TMPRSS11D,target,2,3745,2168
TMPRSS2,target,2,3746,2169
TNF,target,2,3747,2170
TNFAIP3,target,2,3748,2171
TNFRSF10A,target,2,3749,2172
TNFRSF10B,target,2,3750,2173
TNFRSF11A,target,2,3751,2174
TNFRSF11B,target,2,3752,2175
TNFRSF12A,target,2,3753,2176
TNFRSF13B,target,2,3754,2177
TNFRSF1A,target,2,3755,2178
TNFRSF1B,target,2,3756,2179
TNFRSF4,target,2,3757,2180
TNFRSF9,target,2,3758,2181
TNFSF10,target,2,3759,2182
TNFSF11,target,2,3760,2183
TNFSF13B,target,2,3761,2184
TNFSF9,target,2,3762,2185
TNIK,target,2,3763,2186
TNK2,target,2,3764,2187
TNKS,target,2,3765,2188
TNKS2,target,2,3766,2189
TNNI3,target,2,3767,2190
TNNT2,target,2,3768,2191
TOB1,target,2,3769,2192
TOP1,target,2,3770,2193
TOP2A,target,2,3771,2194
TP53,target,2,3772,2195
TPH1,target,2,3773,2196
TPH2,target,2,3774,2197
TPMT,target,2,3775,2198
TPO,target,2,3776,2199
TPP2,target,2,3777,2200
TPT1,target,2,3778,2201
TRAF2,target,2,3779,2202
TRAF6,target,2,3780,2203
TRDMT1,target,2,3781,2204
TREH,target,2,3782,2205
TRIB3,target,2,3783,2206
TRIM24,target,2,3784,2207
TRIM33,target,2,3785,2208
TRIM63,target,2,3786,2209
TRPA1,target,2,3787,2210
TRPC3,target,2,3788,2211
TRPC5,target,2,3789,2212
TRPC6,target,2,3790,2213
TRPM3,target,2,3791,2214
TRPM7,target,2,3792,2215
TRPM8,target,2,3793,2216
TRPV1,target,2,3794,2217
TRPV2,target,2,3795,2218
TRPV3,target,2,3796,2219
TRPV4,target,2,3797,2220
TRPV6,target,2,3798,2221
TSC2,target,2,3799,2222
TSHB,target,2,3800,2223
TSNAX,target,2,3801,2224
TSPO,target,2,3802,2225
TST,target,2,3803,2226
TTK,target,2,3804,2227
TTPA,target,2,3805,2228
TTR,target,2,3806,2229
TUBA1B,target,2,3807,2230
TUBB,target,2,3808,2231
TUBB3,target,2,3809,2232
TWIST1,target,2,3810,2233
TXK,target,2,3811,2234
TXN,target,2,3812,2235
TXN2,target,2,3813,2236
TXNDC17,target,2,3814,2237
TXNIP,target,2,3815,2238
TXNRD1,target,2,3816,2239
TYMS,target,2,3817,2240
TYR,target,2,3818,2241
TYRP1,target,2,3819,2242
UBE2N,target,2,3820,2243
UBE3A,target,2,3821,2244
UBIAD1,target,2,3822,2245
UCHL1,target,2,3823,2246
UCHL3,target,2,3824,2247
UCP1,target,2,3825,2248
UCP2,target,2,3826,2249
UCP3,target,2,3827,2250
UGCG,target,2,3828,2251
UGP2,target,2,3829,2252
UGT1A1,target,2,3830,2253
UGT1A3,target,2,3831,2254
UGT1A4,target,2,3832,2255
UGT1A6,target,2,3833,2256
UGT1A9,target,2,3834,2257
UGT2B10,target,2,3835,2258
UGT2B28,target,2,3836,2259
UGT2B4,target,2,3837,2260
UGT2B7,target,2,3838,2261
UHRF1,target,2,3839,2262
UNC13A,target,2,3840,2263
UNG,target,2,3841,2264
UQCRC1,target,2,3842,2265
URAD,target,2,3843,2266
USP10,target,2,3844,2267
USP47,target,2,3845,2268
USP5,target,2,3846,2269
USP7,target,2,3847,2270
VAMP2,target,2,3848,2271
VASH1,target,2,3849,2272
VASP,target,2,3850,2273
VAV1,target,2,3851,2274
VCAM1,target,2,3852,2275
VCP,target,2,3853,2276
VDR,target,2,3854,2277
VEGFA,target,2,3855,2278
VEGFC,target,2,3856,2279
VIM,target,2,3857,2280
VIP,target,2,3858,2281
VLDLR,target,2,3859,2282
VRK1,target,2,3860,2283
VWF,target,2,3861,2284
WARS2,target,2,3862,2285
WNT1,target,2,3863,2286
WNT3A,target,2,3864,2287
WNT5A,target,2,3865,2288
WT1,target,2,3866,2289
WWOX,target,2,3867,2290
XBP1,target,2,3868,2291
XDH,target,2,3869,2292
XIAP,target,2,3870,2293
XPO1,target,2,3871,2294
XRCC3,target,2,3872,2295
XRCC6,target,2,3873,2296
YAP1,target,2,3874,2297
YARS1,target,2,3875,2298
YBX1,target,2,3876,2299
YES1,target,2,3877,2300
YIF1B,target,2,3878,2301
YWHAZ,target,2,3879,2302
YY1,target,2,3880,2303
ZBTB16,target,2,3881,2304
ZBTB7A,target,2,3882,2305
ZEB1,target,2,3883,2306
ZFHX3,target,2,3884,2307
ZHX2,target,2,3885,2308
